adult,backdrop_path,genre_ids,id,original_language,original_title,overview,popularity,poster_path,release_date,title,video,vote_average,vote_count,budget,revenue,runtime,genres,production_companies,directors,cast,keywords,video_count,similar_count,roi,popularity_category,rating_category,genres_str,directors_str,cast_str,companies_str,keywords_str
False,/2Nti3gYAX513wvhp8IiLL6ZDyOm.jpg,"[10751, 35, 12, 14]",950387,en,A Minecraft Movie,"Cuatro inadaptados se encuentran luchando con problemas ordinarios cuando de repente se ven arrastrados a través de un misterioso portal al Mundo Exterior: un extraño país de las maravillas cúbico que se nutre de la imaginación. Para volver a casa, tendrán que dominar este mundo mientras se embarcan en una búsqueda mágica con un inesperado experto artesano, Steve.",878.5405,/qNEmbTNjf5hVzecPq96pxGfBhbX.jpg,2025-03-31,Una película de Minecraft,False,6.047,222,150000000,301000000,101,"['Familia', 'Comedia', 'Aventura', 'Fantasía']","['Warner Bros. Pictures', 'Legendary Pictures', 'Mojang Studios', 'Vertigo Entertainment', 'On the Roam', 'Domain Entertainment']",['Jared Hess'],"['Jason Momoa', 'Jack Black', 'Sebastian Eugene Hansen', 'Emma Myers', 'Danielle Brooks']",,0.0,0.0,0.0,,,,,,,
False,/2Nti3gYAX513wvhp8IiLL6ZDyOm.jpg,"[10751, 35, 12, 14]",950387,en,A Minecraft Movie,"Cuatro inadaptados se encuentran luchando con problemas ordinarios cuando de repente se ven arrastrados a través de un misterioso portal al Mundo Exterior: un extraño país de las maravillas cúbico que se nutre de la imaginación. Para volver a casa, tendrán que dominar este mundo mientras se embarcan en una búsqueda mágica con un inesperado experto artesano, Steve.",878.5405,/qNEmbTNjf5hVzecPq96pxGfBhbX.jpg,2025-03-31,Una película de Minecraft,False,6.047,222,150000000,301000000,101,"['Familia', 'Comedia', 'Aventura', 'Fantasía']","['Warner Bros. Pictures', 'Legendary Pictures', 'Mojang Studios', 'Vertigo Entertainment', 'On the Roam', 'Domain Entertainment']",['Jared Hess'],"['Jason Momoa', 'Jack Black', 'Sebastian Eugene Hansen', 'Emma Myers', 'Danielle Brooks']",,0.0,0.0,0.0,,,,,,,
False,/is9bmV6uYXu7LjZGJczxrjJDlv8.jpg,"[28, 12]",1229730,fr,Carjackers,"Por el día, son invisibles: aparcacoches, recepcionistas y camareros de un hotel de lujo. Por la noche, son criminales, una banda de conductores expertos que asalta a clientes ricos en sus coches. Justo cuando planean su último golpe, la directora del hotel contrata a un sicario despiadado para detenerlos. El peligro les acecha, ¿conseguirán Nora, Zoé, Steve y Prestance dar su mayor golpe?",375.5975,/rpAbueORafYSgTk2oSc2t6ayktb.jpg,2025-03-27,Criminales de lujo,False,7.057,61,0,0,97,"['Acción', 'Aventura']",['Gaumont'],['Kamel Guemra'],"['Zoé Marchal', 'Franck Gastambide', 'Bosh', 'Mareva Ranarivelo', 'Alassane Diong']",,0.0,0.0,0.0,,,,,,,
False,/is9bmV6uYXu7LjZGJczxrjJDlv8.jpg,"[28, 12]",1229730,fr,Carjackers,"Por el día, son invisibles: aparcacoches, recepcionistas y camareros de un hotel de lujo. Por la noche, son criminales, una banda de conductores expertos que asalta a clientes ricos en sus coches. Justo cuando planean su último golpe, la directora del hotel contrata a un sicario despiadado para detenerlos. El peligro les acecha, ¿conseguirán Nora, Zoé, Steve y Prestance dar su mayor golpe?",375.5975,/rpAbueORafYSgTk2oSc2t6ayktb.jpg,2025-03-27,Criminales de lujo,False,7.057,61,0,0,97,"['Acción', 'Aventura']",['Gaumont'],['Kamel Guemra'],"['Zoé Marchal', 'Franck Gastambide', 'Bosh', 'Mareva Ranarivelo', 'Alassane Diong']",,0.0,0.0,0.0,,,,,,,
False,/xBrx6O1RIhjtWmVthZIANuQz7Z2.jpg,"[28, 80, 53]",1197306,en,A Working Man,"Levon Cade dejó atrás una condecorada carrera militar en las operaciones encubiertas para vivir una vida sencilla trabajando en la construcción. Pero cuando la hija de su jefe, que para él es como de la familia, es secuestrada por traficantes de personas, su búsqueda para traerla a casa descubre un mundo de corrupción mucho mayor de lo que jamás podría haber imaginado.",340.7598,/aG50Ad3UV8cCQWpNWSHHUqgKGNB.jpg,2025-03-26,A Working Man,False,6.853,133,40000000,44417000,116,"['Acción', 'Crimen', 'Suspense']","['Cedar Park Entertainment', 'BlockFilm', 'Punch Palace Productions', 'Balboa Productions', 'Black Bear Pictures', 'Fifth Season', 'CAT5']",['David Ayer'],"['Jason Statham', 'David Harbour', 'Michael Peña', 'Jason Flemyng', 'Arianna Rivas']",,0.0,0.0,0.0,,,,,,,
False,/xBrx6O1RIhjtWmVthZIANuQz7Z2.jpg,"[28, 80, 53]",1197306,en,A Working Man,"Levon Cade dejó atrás una condecorada carrera militar en las operaciones encubiertas para vivir una vida sencilla trabajando en la construcción. Pero cuando la hija de su jefe, que para él es como de la familia, es secuestrada por traficantes de personas, su búsqueda para traerla a casa descubre un mundo de corrupción mucho mayor de lo que jamás podría haber imaginado.",340.7598,/aG50Ad3UV8cCQWpNWSHHUqgKGNB.jpg,2025-03-26,A Working Man,False,6.853,133,40000000,44417000,116,"['Acción', 'Crimen', 'Suspense']","['Cedar Park Entertainment', 'BlockFilm', 'Punch Palace Productions', 'Balboa Productions', 'Black Bear Pictures', 'Fifth Season', 'CAT5']",['David Ayer'],"['Jason Statham', 'David Harbour', 'Michael Peña', 'Jason Flemyng', 'Arianna Rivas']",,0.0,0.0,0.0,,,,,,,
False,/gsQJOfeW45KLiQeEIsom94QPQwb.jpg,"[28, 53]",1125899,en,Cleaner,"Después de que un grupo de activistas se apodere de la gala anual de una compañía energética para denunciar su corrupción, su justa causa es secuestrada por un extremista dispuesto a asesinar a las 300 personas presentes en el edificio para transmitir su mensaje anárquico. Una ex soldado convertida en limpiacristales, suspendida 50 pisos en el exterior del rascacielos londinense, es la encargada de intentar salvar a los que están atrapados dentro, incluido su hermano pequeño.",336.5277,/76Xvdqiv8ufGkerQunOpcy98oT7.jpg,2025-02-19,Cleaner,False,6.776,161,0,0,96,"['Acción', 'Suspense']","['Anton', 'Qwerty Films']",['Martin Campbell'],"['Daisy Ridley', 'Clive Owen', 'Taz Skylar', 'Flavia Watson', 'Ray Fearon']",,0.0,0.0,0.0,,,,,,,
False,/gsQJOfeW45KLiQeEIsom94QPQwb.jpg,"[28, 53]",1125899,en,Cleaner,"Después de que un grupo de activistas se apodere de la gala anual de una compañía energética para denunciar su corrupción, su justa causa es secuestrada por un extremista dispuesto a asesinar a las 300 personas presentes en el edificio para transmitir su mensaje anárquico. Una ex soldado convertida en limpiacristales, suspendida 50 pisos en el exterior del rascacielos londinense, es la encargada de intentar salvar a los que están atrapados dentro, incluido su hermano pequeño.",336.5277,/76Xvdqiv8ufGkerQunOpcy98oT7.jpg,2025-02-19,Cleaner,False,6.776,161,0,0,96,"['Acción', 'Suspense']","['Anton', 'Qwerty Films']",['Martin Campbell'],"['Daisy Ridley', 'Clive Owen', 'Taz Skylar', 'Flavia Watson', 'Ray Fearon']",,0.0,0.0,0.0,,,,,,,
False,/8eifdha9GQeZAkexgtD45546XKx.jpg,"[28, 53, 878]",822119,en,Captain America: Brave New World,"Tras reunirse con el recién elegido presidente de los EE. UU., Thaddeus Ross, Sam se encuentra en medio de un incidente internacional. Debe descubrir el motivo que se esconde tras un perverso complot global, antes de que su verdadero artífice enfurezca al mundo entero.",302.1208,/im71UJzBqY03swuGYVR28j0JFM2.jpg,2025-02-12,Capitán América: Brave New World,False,6.119,1212,180000000,411409721,119,"['Acción', 'Suspense', 'Ciencia ficción']","['Marvel Studios', 'Kevin Feige Productions']",['Julius Onah'],"['Anthony Mackie', 'Harrison Ford', 'Danny Ramirez', 'Shira Haas', 'Tim Blake Nelson']",,0.0,0.0,0.0,,,,,,,
False,/8eifdha9GQeZAkexgtD45546XKx.jpg,"[28, 53, 878]",822119,en,Captain America: Brave New World,"Tras reunirse con el recién elegido presidente de los EE. UU., Thaddeus Ross, Sam se encuentra en medio de un incidente internacional. Debe descubrir el motivo que se esconde tras un perverso complot global, antes de que su verdadero artífice enfurezca al mundo entero.",302.1208,/im71UJzBqY03swuGYVR28j0JFM2.jpg,2025-02-12,Capitán América: Brave New World,False,6.119,1212,180000000,411409721,119,"['Acción', 'Suspense', 'Ciencia ficción']","['Marvel Studios', 'Kevin Feige Productions']",['Julius Onah'],"['Anthony Mackie', 'Harrison Ford', 'Danny Ramirez', 'Shira Haas', 'Tim Blake Nelson']",,0.0,0.0,0.0,,,,,,,
False,/lqHt4icP1GTaNBeVTxTrwTZdoAW.jpg,"[28, 53, 9648, 80]",1195430,hi,देवा,,286.6674,/4wKpglgZYMYpISMdThgdqS1TSQc.jpg,2025-01-31,देवा,False,6.8,5,9895000,0,155,"['Acción', 'Suspense', 'Misterio', 'Crimen']","['Zee Studios', 'Roy Kapur Films']",['Rosshan Andrrews'],"['Shahid Kapoor', 'Pooja Hegde', 'Pavail Gulati', 'Pravessh Rana', 'Girish Kulkarni']",,0.0,0.0,0.0,,,,,,,
False,/lqHt4icP1GTaNBeVTxTrwTZdoAW.jpg,"[28, 53, 9648, 80]",1195430,hi,देवा,,286.6674,/4wKpglgZYMYpISMdThgdqS1TSQc.jpg,2025-01-31,देवा,False,6.8,5,9895000,0,155,"['Acción', 'Suspense', 'Misterio', 'Crimen']","['Zee Studios', 'Roy Kapur Films']",['Rosshan Andrrews'],"['Shahid Kapoor', 'Pooja Hegde', 'Pavail Gulati', 'Pravessh Rana', 'Girish Kulkarni']",,0.0,0.0,0.0,,,,,,,
False,/qiVrapzgrDO7c6yQTSvn0dhwsn8.jpg,"[10749, 18]",1252309,es,Pídeme lo que quieras,"Judith Flores es una chica normal. Tiene un trabajo que le apasiona, muy buenos amigos y un padre encantador. Pero su vida cambia radicalmente cuando conoce a Eric Zimmerman, dueño de la empresa donde ella trabaja. Su relación con Eric está a punto de dinamitar su vida por completo.",285.6244,/76qnVxU2rPdVvipBN3DPQH6fVYB.jpg,2024-11-29,Pídeme lo que quieras,False,6.027,110,0,0,114,"['Romance', 'Drama']","['Versus Entertainment', 'LyO Media', 'Warner Bros. Entertainment España', '4 Cats Pictures']",['Lucía Alemany'],"['Gabriela Andrada', 'Mario Ermito', 'Celia Freijeiro', 'David Solans', 'Alba Ribas']",,0.0,0.0,0.0,,,,,,,
False,/qiVrapzgrDO7c6yQTSvn0dhwsn8.jpg,"[10749, 18]",1252309,es,Pídeme lo que quieras,"Judith Flores es una chica normal. Tiene un trabajo que le apasiona, muy buenos amigos y un padre encantador. Pero su vida cambia radicalmente cuando conoce a Eric Zimmerman, dueño de la empresa donde ella trabaja. Su relación con Eric está a punto de dinamitar su vida por completo.",285.6244,/76qnVxU2rPdVvipBN3DPQH6fVYB.jpg,2024-11-29,Pídeme lo que quieras,False,6.027,110,0,0,114,"['Romance', 'Drama']","['Versus Entertainment', 'LyO Media', 'Warner Bros. Entertainment España', '4 Cats Pictures']",['Lucía Alemany'],"['Gabriela Andrada', 'Mario Ermito', 'Celia Freijeiro', 'David Solans', 'Alba Ribas']",,0.0,0.0,0.0,,,,,,,
False,/9OO6I25MHhCDd0XwNk4oZl0fpwB.jpg,"[28, 18]",1261050,da,De lydløse,"En 2008, un grupo de hombres de Dinamarca y Europa lleva a cabo el mayor atraco de todos los tiempos en suelo danés. Kasper, un boxeador con pocas oportunidades en la vida, recibe la oferta de sus iniciadores extranjeros para planear el robo.",259.1733,/ywHCbLbTremCJBiHRa63rlrXmWs.jpg,2024-10-31,Los silenciosos,False,6.1,20,0,0,110,"['Acción', 'Drama']","['Zentropa Entertainments', 'Film i Väst', 'Zentropa International Sweden', 'Kazak Productions', 'Zentropa International France']",['Frederik Louis Hviid'],"['Gustav Dyekjær Giese', 'Reda Kateb', 'Amanda Collin', 'Christopher Wagelin', 'Jens Hultén']",,0.0,0.0,0.0,,,,,,,
False,/9OO6I25MHhCDd0XwNk4oZl0fpwB.jpg,"[28, 18]",1261050,da,De lydløse,"En 2008, un grupo de hombres de Dinamarca y Europa lleva a cabo el mayor atraco de todos los tiempos en suelo danés. Kasper, un boxeador con pocas oportunidades en la vida, recibe la oferta de sus iniciadores extranjeros para planear el robo.",259.1733,/ywHCbLbTremCJBiHRa63rlrXmWs.jpg,2024-10-31,Los silenciosos,False,6.1,20,0,0,110,"['Acción', 'Drama']","['Zentropa Entertainments', 'Film i Väst', 'Zentropa International Sweden', 'Kazak Productions', 'Zentropa International France']",['Frederik Louis Hviid'],"['Gustav Dyekjær Giese', 'Reda Kateb', 'Amanda Collin', 'Christopher Wagelin', 'Jens Hultén']",,0.0,0.0,0.0,,,,,,,
False,/nhx0ttmAS2w8e6hyIcKoNvgHoix.jpg,"[27, 53, 14]",1020414,en,Peter Pan's Neverland Nightmare,"Sigue a Wendy Darling en su intento de rescatar a su hermano Michael de ""las garras del malvado Peter Pan"". Por el camino conoce a Campanilla, que en esta retorcida versión del cuento se verá tomando heroína, convencida de que es polvo de hadas. La famosa historia de Peter Pan reinventada como un film de terror por Jagged Edge Productions, productora de ""Winnie the Pooh: Blood and Honey"".",237.4173,/m5jtX2J0VswgslOyx04l4edo3nJ.jpg,2025-01-13,Peter Pan: Pesadilla en Nunca Jamás,False,6.121,33,250000,315648,89,"['Terror', 'Suspense', 'Fantasía']",['Jagged Edge Productions'],['Scott Chambers'],"['Martin Portlock', 'Megan Placito', 'Kit Green', 'Peter DeSouza-Feighoney', 'Charity Kase']",,0.0,0.0,0.0,,,,,,,
False,/nhx0ttmAS2w8e6hyIcKoNvgHoix.jpg,"[27, 53, 14]",1020414,en,Peter Pan's Neverland Nightmare,"Sigue a Wendy Darling en su intento de rescatar a su hermano Michael de ""las garras del malvado Peter Pan"". Por el camino conoce a Campanilla, que en esta retorcida versión del cuento se verá tomando heroína, convencida de que es polvo de hadas. La famosa historia de Peter Pan reinventada como un film de terror por Jagged Edge Productions, productora de ""Winnie the Pooh: Blood and Honey"".",237.4173,/m5jtX2J0VswgslOyx04l4edo3nJ.jpg,2025-01-13,Peter Pan: Pesadilla en Nunca Jamás,False,6.121,33,250000,315648,89,"['Terror', 'Suspense', 'Fantasía']",['Jagged Edge Productions'],['Scott Chambers'],"['Martin Portlock', 'Megan Placito', 'Kit Green', 'Peter DeSouza-Feighoney', 'Charity Kase']",,0.0,0.0,0.0,,,,,,,
False,/ibF5XVxTzf1ayzZrmiJqgeQ39Qk.jpg,"[28, 10752]",1373723,en,The Codes of War,"Las historias de guerra sobre la familia, la ética y el honor incluyen la historia real de dos marines estadounidenses que, en un lapso de seis segundos, deben mantenerse firmes para detener un camión bomba suicida, un soldado de la Marina que intenta aferrarse a su humanidad y un soldado de la Segunda Guerra Mundial que se separa de su escuadrón y se ve obligado a reevaluar su código.",218.6954,/oXeiQAfRK90pxxhP5iKPXQqAIN1.jpg,2025-03-20,Códigos de Guerra,False,7.328,29,0,0,92,"['Acción', 'Bélica']",[],"['Paul Anderson', 'Joshua DeFour', 'Marielle Woods']","['Noah Gray-Cabey', 'Michael Grant']",,0.0,0.0,0.0,,,,,,,
False,/ibF5XVxTzf1ayzZrmiJqgeQ39Qk.jpg,"[28, 10752]",1373723,en,The Codes of War,"Las historias de guerra sobre la familia, la ética y el honor incluyen la historia real de dos marines estadounidenses que, en un lapso de seis segundos, deben mantenerse firmes para detener un camión bomba suicida, un soldado de la Marina que intenta aferrarse a su humanidad y un soldado de la Segunda Guerra Mundial que se separa de su escuadrón y se ve obligado a reevaluar su código.",218.6954,/oXeiQAfRK90pxxhP5iKPXQqAIN1.jpg,2025-03-20,Códigos de Guerra,False,7.328,29,0,0,92,"['Acción', 'Bélica']",[],"['Paul Anderson', 'Joshua DeFour', 'Marielle Woods']","['Noah Gray-Cabey', 'Michael Grant']",,0.0,0.0,0.0,,,,,,,
False,/2Nti3gYAX513wvhp8IiLL6ZDyOm.jpg,"[10751, 35, 12, 14]",950387,en,A Minecraft Movie,"Cuatro inadaptados se encuentran luchando con problemas ordinarios cuando de repente se ven arrastrados a través de un misterioso portal al Mundo Exterior: un extraño país de las maravillas cúbico que se nutre de la imaginación. Para volver a casa, tendrán que dominar este mundo mientras se embarcan en una búsqueda mágica con un inesperado experto artesano, Steve.",878.5405,/qNEmbTNjf5hVzecPq96pxGfBhbX.jpg,2025-03-31,Una película de Minecraft,False,6.047,222,150000000,301000000,101,"['Familia', 'Comedia', 'Aventura', 'Fantasía']","['Warner Bros. Pictures', 'Legendary Pictures', 'Mojang Studios', 'Vertigo Entertainment', 'On the Roam', 'Domain Entertainment']",['Jared Hess'],"['Jason Momoa', 'Jack Black', 'Sebastian Eugene Hansen', 'Emma Myers', 'Danielle Brooks', 'Jennifer Coolidge', 'Rachel House', 'Allan Henry', 'Bram Scott-Breheny', 'Moana Williams']","['friendship', 'surrealism', 'exploration', 'portal', 'miner', 'friends', 'survival', 'zombie', 'based on video game', 'aftercreditsstinger', 'duringcreditsstinger', 'journey', 'imagination', 'teamwork', 'fantasy', 'joyous', 'absurd', 'hilarious', 'embarrassed', 'ridiculous', 'building']",10.0,20.0,1.0066666666666666,Muy Alta,Buena,"Familia,Comedia,Aventura,Fantasía",Jared Hess,"Jason Momoa,Jack Black,Sebastian Eugene Hansen,Emma Myers,Danielle Brooks,Jennifer Coolidge,Rachel House,Allan Henry,Bram Scott-Breheny,Moana Williams","Warner Bros. Pictures,Legendary Pictures,Mojang Studios,Vertigo Entertainment,On the Roam,Domain Entertainment","friendship,surrealism,exploration,portal,miner,friends,survival,zombie,based on video game,aftercreditsstinger,duringcreditsstinger,journey,imagination,teamwork,fantasy,joyous,absurd,hilarious,embarrassed,ridiculous,building"
False,/is9bmV6uYXu7LjZGJczxrjJDlv8.jpg,"[28, 12]",1229730,fr,Carjackers,"Por el día, son invisibles: aparcacoches, recepcionistas y camareros de un hotel de lujo. Por la noche, son criminales, una banda de conductores expertos que asalta a clientes ricos en sus coches. Justo cuando planean su último golpe, la directora del hotel contrata a un sicario despiadado para detenerlos. El peligro les acecha, ¿conseguirán Nora, Zoé, Steve y Prestance dar su mayor golpe?",375.5975,/rpAbueORafYSgTk2oSc2t6ayktb.jpg,2025-03-27,Criminales de lujo,False,7.057,61,0,0,97,"['Acción', 'Aventura']",['Gaumont'],['Kamel Guemra'],"['Zoé Marchal', 'Franck Gastambide', 'Bosh', 'Mareva Ranarivelo', 'Alassane Diong', 'Sérigne Gueye', 'Mylène Jampanoï', 'Alix Bénézech', 'Hafid F. Benamar', 'Zoé Diowo-Ceccaldi']",[],0.0,0.0,0.0,Muy Alta,Buena,"Acción,Aventura",Kamel Guemra,"Zoé Marchal,Franck Gastambide,Bosh,Mareva Ranarivelo,Alassane Diong,Sérigne Gueye,Mylène Jampanoï,Alix Bénézech,Hafid F. Benamar,Zoé Diowo-Ceccaldi",Gaumont,
False,/xBrx6O1RIhjtWmVthZIANuQz7Z2.jpg,"[28, 80, 53]",1197306,en,A Working Man,"Levon Cade dejó atrás una condecorada carrera militar en las operaciones encubiertas para vivir una vida sencilla trabajando en la construcción. Pero cuando la hija de su jefe, que para él es como de la familia, es secuestrada por traficantes de personas, su búsqueda para traerla a casa descubre un mundo de corrupción mucho mayor de lo que jamás podría haber imaginado.",340.7598,/aG50Ad3UV8cCQWpNWSHHUqgKGNB.jpg,2025-03-26,A Working Man,False,6.853,133,40000000,44417000,116,"['Acción', 'Crimen', 'Suspense']","['Cedar Park Entertainment', 'BlockFilm', 'Punch Palace Productions', 'Balboa Productions', 'Black Bear Pictures', 'Fifth Season', 'CAT5']",['David Ayer'],"['Jason Statham', 'David Harbour', 'Michael Peña', 'Jason Flemyng', 'Arianna Rivas', 'Noemi Gonzalez', 'Emmett Scanlan', 'Eve Mauro', 'Maximilian Osinski', 'Kristina Poli']","['based on novel or book', 'kidnapping', 'vigilante', 'missing person', 'black ops', 'construction worker', 'criminal conspiracy']",2.0,20.0,0.110425,Muy Alta,Buena,"Acción,Crimen,Suspense",David Ayer,"Jason Statham,David Harbour,Michael Peña,Jason Flemyng,Arianna Rivas,Noemi Gonzalez,Emmett Scanlan,Eve Mauro,Maximilian Osinski,Kristina Poli","Cedar Park Entertainment,BlockFilm,Punch Palace Productions,Balboa Productions,Black Bear Pictures,Fifth Season,CAT5","based on novel or book,kidnapping,vigilante,missing person,black ops,construction worker,criminal conspiracy"
False,/gsQJOfeW45KLiQeEIsom94QPQwb.jpg,"[28, 53]",1125899,en,Cleaner,"Después de que un grupo de activistas se apodere de la gala anual de una compañía energética para denunciar su corrupción, su justa causa es secuestrada por un extremista dispuesto a asesinar a las 300 personas presentes en el edificio para transmitir su mensaje anárquico. Una ex soldado convertida en limpiacristales, suspendida 50 pisos en el exterior del rascacielos londinense, es la encargada de intentar salvar a los que están atrapados dentro, incluido su hermano pequeño.",336.5277,/76Xvdqiv8ufGkerQunOpcy98oT7.jpg,2025-02-19,Cleaner,False,6.776,161,0,0,96,"['Acción', 'Suspense']","['Anton', 'Qwerty Films']",['Martin Campbell'],"['Daisy Ridley', 'Clive Owen', 'Taz Skylar', 'Flavia Watson', 'Ray Fearon', 'Rufus Jones', 'Richard Hope', 'Lee Boardman', 'Stella Stocker', 'Atanas Srebrev']",[],0.0,0.0,0.0,Muy Alta,Buena,"Acción,Suspense",Martin Campbell,"Daisy Ridley,Clive Owen,Taz Skylar,Flavia Watson,Ray Fearon,Rufus Jones,Richard Hope,Lee Boardman,Stella Stocker,Atanas Srebrev","Anton,Qwerty Films",
False,/8eifdha9GQeZAkexgtD45546XKx.jpg,"[28, 53, 878]",822119,en,Captain America: Brave New World,"Tras reunirse con el recién elegido presidente de los EE. UU., Thaddeus Ross, Sam se encuentra en medio de un incidente internacional. Debe descubrir el motivo que se esconde tras un perverso complot global, antes de que su verdadero artífice enfurezca al mundo entero.",302.1208,/im71UJzBqY03swuGYVR28j0JFM2.jpg,2025-02-12,Capitán América: Brave New World,False,6.119,1212,180000000,411409721,119,"['Acción', 'Suspense', 'Ciencia ficción']","['Marvel Studios', 'Kevin Feige Productions']",['Julius Onah'],"['Anthony Mackie', 'Harrison Ford', 'Danny Ramirez', 'Shira Haas', 'Tim Blake Nelson', 'Carl Lumbly', 'Giancarlo Esposito', 'Liv Tyler', 'Xosha Roquemore', 'Jóhannes Haukur Jóhannesson']","['hero', 'superhero', 'revenge', 'aftercreditsstinger', 'marvel cinematic universe (mcu)', 'sidekick', 'assassination attempt', 'political thriller', 'treaty', 'international relations']",16.0,20.0,1.2856095611111111,Muy Alta,Buena,"Acción,Suspense,Ciencia ficción",Julius Onah,"Anthony Mackie,Harrison Ford,Danny Ramirez,Shira Haas,Tim Blake Nelson,Carl Lumbly,Giancarlo Esposito,Liv Tyler,Xosha Roquemore,Jóhannes Haukur Jóhannesson","Marvel Studios,Kevin Feige Productions","hero,superhero,revenge,aftercreditsstinger,marvel cinematic universe (mcu),sidekick,assassination attempt,political thriller,treaty,international relations"
False,/lqHt4icP1GTaNBeVTxTrwTZdoAW.jpg,"[28, 53, 9648, 80]",1195430,hi,देवा,,286.6674,/4wKpglgZYMYpISMdThgdqS1TSQc.jpg,2025-01-31,देवा,False,6.8,5,9895000,0,155,"['Acción', 'Suspense', 'Misterio', 'Crimen']","['Zee Studios', 'Roy Kapur Films']",['Rosshan Andrrews'],"['Shahid Kapoor', 'Pooja Hegde', 'Pavail Gulati', 'Pravessh Rana', 'Girish Kulkarni', 'Kubbra Sait', 'Sahidur Rahaman', 'Meenal Sahu', 'Shivraj Walvekar', 'Upendra Limaye']","['remake', 'based on movie', 'bollywood']",0.0,20.0,-1.0,Muy Alta,Buena,"Acción,Suspense,Misterio,Crimen",Rosshan Andrrews,"Shahid Kapoor,Pooja Hegde,Pavail Gulati,Pravessh Rana,Girish Kulkarni,Kubbra Sait,Sahidur Rahaman,Meenal Sahu,Shivraj Walvekar,Upendra Limaye","Zee Studios,Roy Kapur Films","remake,based on movie,bollywood"
False,/qiVrapzgrDO7c6yQTSvn0dhwsn8.jpg,"[10749, 18]",1252309,es,Pídeme lo que quieras,"Judith Flores es una chica normal. Tiene un trabajo que le apasiona, muy buenos amigos y un padre encantador. Pero su vida cambia radicalmente cuando conoce a Eric Zimmerman, dueño de la empresa donde ella trabaja. Su relación con Eric está a punto de dinamitar su vida por completo.",285.6244,/76qnVxU2rPdVvipBN3DPQH6fVYB.jpg,2024-11-29,Pídeme lo que quieras,False,6.027,110,0,0,114,"['Romance', 'Drama']","['Versus Entertainment', 'LyO Media', 'Warner Bros. Entertainment España', '4 Cats Pictures']",['Lucía Alemany'],"['Gabriela Andrada', 'Mario Ermito', 'Celia Freijeiro', 'David Solans', 'Alba Ribas', 'Joel Bosqued', 'Alicia Bercan', 'Anna Karinvinge', 'Fernando Oyagüez', 'Paco Tous']","['spain', 'based on novel or book', 'woman director', 'erotic romance']",2.0,20.0,0.0,Muy Alta,Buena,"Romance,Drama",Lucía Alemany,"Gabriela Andrada,Mario Ermito,Celia Freijeiro,David Solans,Alba Ribas,Joel Bosqued,Alicia Bercan,Anna Karinvinge,Fernando Oyagüez,Paco Tous","Versus Entertainment,LyO Media,Warner Bros. Entertainment España,4 Cats Pictures","spain,based on novel or book,woman director,erotic romance"
False,/9OO6I25MHhCDd0XwNk4oZl0fpwB.jpg,"[28, 18]",1261050,da,De lydløse,"En 2008, un grupo de hombres de Dinamarca y Europa lleva a cabo el mayor atraco de todos los tiempos en suelo danés. Kasper, un boxeador con pocas oportunidades en la vida, recibe la oferta de sus iniciadores extranjeros para planear el robo.",259.1733,/ywHCbLbTremCJBiHRa63rlrXmWs.jpg,2024-10-31,Los silenciosos,False,6.1,20,0,0,110,"['Acción', 'Drama']","['Zentropa Entertainments', 'Film i Väst', 'Zentropa International Sweden', 'Kazak Productions', 'Zentropa International France']",['Frederik Louis Hviid'],"['Gustav Dyekjær Giese', 'Reda Kateb', 'Amanda Collin', 'Christopher Wagelin', 'Jens Hultén', 'Granit Rushiti', 'Amin Ahmed', 'Camilla Lau', 'Dagmar Madicken Greve Halse', 'Ida Cæcilie Rasmussen']",[],0.0,0.0,0.0,Muy Alta,Buena,"Acción,Drama",Frederik Louis Hviid,"Gustav Dyekjær Giese,Reda Kateb,Amanda Collin,Christopher Wagelin,Jens Hultén,Granit Rushiti,Amin Ahmed,Camilla Lau,Dagmar Madicken Greve Halse,Ida Cæcilie Rasmussen","Zentropa Entertainments,Film i Väst,Zentropa International Sweden,Kazak Productions,Zentropa International France",
False,/nhx0ttmAS2w8e6hyIcKoNvgHoix.jpg,"[27, 53, 14]",1020414,en,Peter Pan's Neverland Nightmare,"Sigue a Wendy Darling en su intento de rescatar a su hermano Michael de ""las garras del malvado Peter Pan"". Por el camino conoce a Campanilla, que en esta retorcida versión del cuento se verá tomando heroína, convencida de que es polvo de hadas. La famosa historia de Peter Pan reinventada como un film de terror por Jagged Edge Productions, productora de ""Winnie the Pooh: Blood and Honey"".",237.4173,/m5jtX2J0VswgslOyx04l4edo3nJ.jpg,2025-01-13,Peter Pan: Pesadilla en Nunca Jamás,False,6.121,33,250000,315648,89,"['Terror', 'Suspense', 'Fantasía']",['Jagged Edge Productions'],['Scott Chambers'],"['Martin Portlock', 'Megan Placito', 'Kit Green', 'Peter DeSouza-Feighoney', 'Charity Kase', 'Teresa Banham', 'Campbell Wallace', 'Ardy Yusuf', 'Olumide Olorunfemi', 'Nicholas Woodeson']","['peter pan', 'slasher', ""based on children's book"", 'child abduction', 'magic land', 'independent film', 'violence against a child', 'the twisted childhood universe']",0.0,20.0,0.262592,Muy Alta,Buena,"Terror,Suspense,Fantasía",Scott Chambers,"Martin Portlock,Megan Placito,Kit Green,Peter DeSouza-Feighoney,Charity Kase,Teresa Banham,Campbell Wallace,Ardy Yusuf,Olumide Olorunfemi,Nicholas Woodeson",Jagged Edge Productions,"peter pan,slasher,based on children's book,child abduction,magic land,independent film,violence against a child,the twisted childhood universe"
False,/ibF5XVxTzf1ayzZrmiJqgeQ39Qk.jpg,"[28, 10752]",1373723,en,The Codes of War,"Las historias de guerra sobre la familia, la ética y el honor incluyen la historia real de dos marines estadounidenses que, en un lapso de seis segundos, deben mantenerse firmes para detener un camión bomba suicida, un soldado de la Marina que intenta aferrarse a su humanidad y un soldado de la Segunda Guerra Mundial que se separa de su escuadrón y se ve obligado a reevaluar su código.",218.6954,/oXeiQAfRK90pxxhP5iKPXQqAIN1.jpg,2025-03-20,Códigos de Guerra,False,7.328,29,0,0,92,"['Acción', 'Bélica']",[],"['Paul Anderson', 'Joshua DeFour', 'Marielle Woods']","['Noah Gray-Cabey', 'Michael Grant']",[],0.0,19.0,0.0,Muy Alta,Buena,"Acción,Bélica","Paul Anderson,Joshua DeFour,Marielle Woods","Noah Gray-Cabey,Michael Grant",,
False,/m2mzlsJjE3UAqeUB5fLUkpWg4Iq.jpg,"[53, 878]",1165067,en,Cosmic Chaos,"Batallas en realidad virtual, supervivencia en un páramo postapocalíptico, una nave espacial soviética que emite una señal de socorro... Historias fantásticas creadas con avanzados efectos especiales y pasión.",218.1429,/mClzWv7gBqgXfjZXp49Enyoex1v.jpg,2023-08-03,Relatos Fantásticos,False,7.0,29,0,0,0,"['Suspense', 'Ciencia ficción']",['Hewes Pictures'],[],"['Curtis Bechdholt', 'Caroline Dhavernas', 'Ken Godmere', 'Jeananne Goossen', 'Samantha Neale']",[],0.0,0.0,0.0,Muy Alta,Buena,"Suspense,Ciencia ficción",,"Curtis Bechdholt,Caroline Dhavernas,Ken Godmere,Jeananne Goossen,Samantha Neale",Hewes Pictures,
False,/AlpDRp3Qaf2JvlQDzXS8kiYxTf8.jpg,"[28, 53]",1212855,en,Fight or Flight,"Un mercenario acepta el encargo de localizar a un objetivo en un avión, pero debe protegerla cuando se ven rodeados de gente que intentan matarlos a ambos.",195.3115,/x4nWnfgJvL045rcUCSJzfgIIY9i.jpg,2025-04-03,Fight or Flight,False,5.821,14,0,0,102,"['Acción', 'Suspense']","['The Royal Budapest Film Company', 'Asbury Park Pictures', 'Thunder Road', 'F or F Films', 'Liam Jay Films']",['James Madigan'],"['Josh Hartnett', 'Katee Sackhoff', 'Marko Zaror', 'Julian Kostov', 'Charithra Chandran', 'JuJu Chan', 'Sanjeev Kohli', 'Rebecka Johnston', 'Nóra Trokán', 'Sarah Lam']","['mercenary', 'fight or flight']",0.0,20.0,0.0,Muy Alta,Regular,"Acción,Suspense",James Madigan,"Josh Hartnett,Katee Sackhoff,Marko Zaror,Julian Kostov,Charithra Chandran,JuJu Chan,Sanjeev Kohli,Rebecka Johnston,Nóra Trokán,Sarah Lam","The Royal Budapest Film Company,Asbury Park Pictures,Thunder Road,F or F Films,Liam Jay Films","mercenary,fight or flight"
False,/zo8CIjJ2nfNOevqNajwMRO6Hwka.jpg,"[16, 12, 10751, 35]",1241982,en,Moana 2,"Tras recibir una inesperada llamada de sus antepasados, Vaiana debe viajar a los lejanos mares de Oceanía y adentrarse en peligrosas aguas perdidas para vivir una aventura sin precedentes.",182.5604,/b1WsCRfomw7tRi12NuseKsAJxYK.jpg,2024-11-21,Vaiana 2,False,7.104,2144,150000000,1059544057,99,"['Animación', 'Aventura', 'Familia', 'Comedia']","['Walt Disney Pictures', 'Walt Disney Animation Studios', 'Walt Disney Animation Studios']","['David G. Derrick Jr.', 'Jason Hand', 'Dana Ledoux Miller']","['Auliʻi Cravalho', 'Dwayne Johnson', 'Hualālai Chung', 'Rose Matafeo', 'David Fane', 'Awhimai Fraser', 'Khaleesi Lambert-Tsuda', 'Temuera Morrison', 'Nicole Scherzinger', 'Rachel House']","['sea', 'ocean', 'villain', 'musical', 'sequel', 'duringcreditsstinger']",27.0,20.0,6.063627046666666,Muy Alta,Buena,"Animación,Aventura,Familia,Comedia","David G. Derrick Jr.,Jason Hand,Dana Ledoux Miller","Auliʻi Cravalho,Dwayne Johnson,Hualālai Chung,Rose Matafeo,David Fane,Awhimai Fraser,Khaleesi Lambert-Tsuda,Temuera Morrison,Nicole Scherzinger,Rachel House","Walt Disney Pictures,Walt Disney Animation Studios,Walt Disney Animation Studios","sea,ocean,villain,musical,sequel,duringcreditsstinger"
False,/1w8kutrRucTd3wlYyu5QlUDMiG1.jpg,"[12, 10751, 16]",762509,en,Mufasa: The Lion King,"Rafiki debe transmitir la leyenda de Mufasa a la joven cachorro de león Kiara, hija de Simba y Nala, y con Timón y Pumba prestando su estilo característico. Mufasa, un cachorro huérfano, perdido y solo, conoce a un simpático león llamado Taka, heredero de un linaje real. Este encuentro casual pone en marcha un viaje de un extraordinario grupo de inadaptados que buscan su destino.",181.448,/dmw74cWIEKaEgl5Dv3kUTcCob6D.jpg,2024-12-18,Mufasa: El rey león,False,7.442,1868,200000000,721046090,118,"['Aventura', 'Familia', 'Animación']",['Walt Disney Pictures'],['Barry Jenkins'],"['Aaron Pierre', 'Kelvin Harrison, Jr.', 'Tiffany Boone', 'Kagiso Lediga', 'Preston Nyman', 'Blue Ivy Carter', 'John Kani', 'Mads Mikkelsen', 'Seth Rogen', 'Billy Eichner']","['friendship', 'paradise', 'lion', 'musical', 'prequel', 'jungle', 'told in flashback', 'betrayal by friend', 'chance meeting', 'live action remake', 'found family', 'lost', 'awestruck']",28.0,20.0,2.60523045,Muy Alta,Buena,"Aventura,Familia,Animación",Barry Jenkins,"Aaron Pierre,Kelvin Harrison, Jr.,Tiffany Boone,Kagiso Lediga,Preston Nyman,Blue Ivy Carter,John Kani,Mads Mikkelsen,Seth Rogen,Billy Eichner",Walt Disney Pictures,"friendship,paradise,lion,musical,prequel,jungle,told in flashback,betrayal by friend,chance meeting,live action remake,found family,lost,awestruck"
False,/wi2CEFSyoxoBWdFeVmTeqnlX3qI.jpg,"[18, 9648, 53]",1233575,en,Black Bag,"Cuando su amada esposa Kathryn es sospechosa de traicionar a la nación, el legendario agente de inteligencia George Woodhouse se enfrenta a la prueba definitiva: la lealtad a su matrimonio o a su país.",177.702,/dKRQtsAhmaww4VST3vzgK5G8pRJ.jpg,2025-03-12,Confidencial (Black Bag),False,6.534,250,50000000,34985600,94,"['Drama', 'Misterio', 'Suspense']",['Casey Silver Productions'],['Steven Soderbergh'],"['Cate Blanchett', 'Michael Fassbender', 'Marisa Abela', 'Tom Burke', 'Naomie Harris', 'Regé-Jean Page', 'Pierce Brosnan', 'Gustaf Skarsgård', 'Kae Alexander', 'Martin Bassindale']","['london, england', 'husband wife relationship', 'spy', 'marriage', 'suspicion', 'dinner', 'intelligence officer', 'polygraph', 'intimate', 'bold', 'zurich, switzerland']",3.0,20.0,-0.300288,Muy Alta,Buena,"Drama,Misterio,Suspense",Steven Soderbergh,"Cate Blanchett,Michael Fassbender,Marisa Abela,Tom Burke,Naomie Harris,Regé-Jean Page,Pierce Brosnan,Gustaf Skarsgård,Kae Alexander,Martin Bassindale",Casey Silver Productions,"london, england,husband wife relationship,spy,marriage,suspicion,dinner,intelligence officer,polygraph,intimate,bold,zurich, switzerland"
False,/qUc0Hol3eP74dbW4YyqT6oRLYgT.jpg,"[878, 35, 12]",696506,en,Mickey 17,"Mickey 17, un miembro de la tripulación 'expendable' (prescindible) enviado a un planeta helado para colonizarlo, se niega a dejar que su clon de reemplazo, Mickey 18, tome su lugar... Adaptación del libro original de Edward Ashton.",168.9037,/fjIHkLGIZdjKIKe252gSFt5QzVK.jpg,2025-02-28,Mickey 17,False,6.975,1162,118000000,122908117,137,"['Ciencia ficción', 'Comedia', 'Aventura']","['Warner Bros. Pictures', 'Plan B Entertainment', 'Offscreen', 'Kate Street Picture Company', 'Domain Entertainment']",['Bong Joon-ho'],"['Robert Pattinson', 'Naomi Ackie', 'Steven Yeun', 'Mark Ruffalo', 'Toni Collette', 'Anamaria Vartolomei', 'Daniel Henshall', 'Patsy Ferran', 'Steve Park', 'Tim Key']","['based on novel or book', 'dark comedy', 'space travel', 'space colony', 'alien planet', 'creature', 'space adventure', 'human cloning', 'spaceship', 'casual', 'ambivalent', 'amused', 'conceited', 'space sci-fi', 'black comedy', 'perjalanan luar angkasa', 'fiksi ilmiah']",6.0,20.0,0.04159421186440678,Muy Alta,Buena,"Ciencia ficción,Comedia,Aventura",Bong Joon-ho,"Robert Pattinson,Naomi Ackie,Steven Yeun,Mark Ruffalo,Toni Collette,Anamaria Vartolomei,Daniel Henshall,Patsy Ferran,Steve Park,Tim Key","Warner Bros. Pictures,Plan B Entertainment,Offscreen,Kate Street Picture Company,Domain Entertainment","based on novel or book,dark comedy,space travel,space colony,alien planet,creature,space adventure,human cloning,spaceship,casual,ambivalent,amused,conceited,space sci-fi,black comedy,perjalanan luar angkasa,fiksi ilmiah"
False,/xkjWiRQtrenqGRWO2Enry2JIl4d.jpg,[27],1388366,pt,Popeye the Slayer Man,,154.547,/nVwu3mN7hr1yF467pGct3yQFM41.jpg,2025-03-21,Popeye the Slayer Man,False,6.745,51,0,0,88,['Terror'],"['Millman Productions', 'Otsego Media', 'Ron Lee Productions', 'Salem House Films']",['Robert Michael Ryan'],"['Sarah Nicklin', 'Scott Swope', 'Angela Relucio', 'Steven McCormack', 'Mabel Thomas', 'Rich Lounello', 'Sean Michael Conway', 'Joel Frometa', 'Nathan Todaro', 'Elena Juliano']","['legend', 'slasher', 'haunt']",0.0,20.0,0.0,Muy Alta,Buena,Terror,Robert Michael Ryan,"Sarah Nicklin,Scott Swope,Angela Relucio,Steven McCormack,Mabel Thomas,Rich Lounello,Sean Michael Conway,Joel Frometa,Nathan Todaro,Elena Juliano","Millman Productions,Otsego Media,Ron Lee Productions,Salem House Films","legend,slasher,haunt"
False,/sulUXRukzh7WSK34y8mnaUcHo3y.jpg,"[10749, 35, 18]",1254786,en,The Life List,"Cuando su madre la envía a una misión para completar su lista de deseos de la adolescencia, una joven desvela secretos familiares, encuentra el amor... y se redescubre.",153.886,/a3IFeDHSCIkMLmoBzaOcD60BOoR.jpg,2025-03-27,Mi lista de deseos,False,7.101,169,0,0,123,"['Romance', 'Comedia', 'Drama']",['3dot Productions'],['Adam Brooks'],"['Sofia Carson', 'Kyle Allen', 'Sebastian de Souza', 'Connie Britton', 'José Zúñiga', 'Jordi Mollà', 'Dario Ladani Sanchez', 'Federico Rodriguez', 'Marianne Rendón', 'Michael Rowland']","['bucket list', 'inspirational', 'lighthearted']",0.0,20.0,0.0,Muy Alta,Buena,"Romance,Comedia,Drama",Adam Brooks,"Sofia Carson,Kyle Allen,Sebastian de Souza,Connie Britton,José Zúñiga,Jordi Mollà,Dario Ladani Sanchez,Federico Rodriguez,Marianne Rendón,Michael Rowland",3dot Productions,"bucket list,inspirational,lighthearted"
False,/zvWnh0ABsJlco2tikliiATEKhLN.jpg,"[27, 53]",1249385,en,Ghost Game,,153.2307,/bampgK31QFyaNHQXmCnQ2m3VLvT.jpg,2024-10-18,Ghost Game,False,5.111,9,0,0,86,"['Terror', 'Suspense']",['Epic Pictures Group'],['Jill Gevargizian'],"['Kia Dorsey', 'Zaen Haidar', 'Aiden Hughes', 'Vienna Maas', 'Emily Bennett', 'Michael C. Williams', 'Sam Lukowski', 'Sharrie McCain', 'Anita Sharma', 'Jesse L. Green']","['haunted house', 'descent into madness', 'home invasion', 'thrill seeker', 'independent film', 'social media challenge']",0.0,20.0,0.0,Muy Alta,Regular,"Terror,Suspense",Jill Gevargizian,"Kia Dorsey,Zaen Haidar,Aiden Hughes,Vienna Maas,Emily Bennett,Michael C. Williams,Sam Lukowski,Sharrie McCain,Anita Sharma,Jesse L. Green",Epic Pictures Group,"haunted house,descent into madness,home invasion,thrill seeker,independent film,social media challenge"
False,/xb9wpY31SeVZbfkevYuolhfV63w.jpg,"[10751, 14]",447273,en,Snow White,"Una adaptación en vivo del clásico cuento de hadas sobre una hermosa joven princesa que, mientras es acosada por una reina celosa, busca refugio en la casa de siete enanos en la campiña alemana.",151.9482,/7FZhpH4YasGdvY4FUGQJhCusLeg.jpg,2025-03-19,Blancanieves,False,4.6,494,270000000,168362470,99,"['Familia', 'Fantasía']","['Walt Disney Pictures', 'Marc Platt Productions']",['Marc Webb'],"['Rachel Zegler', 'Gal Gadot', 'Andrew Burnap', 'Jeremy Swift', 'Jason Kravits', 'Martin Klebba', 'George Salazar', 'Tituss Burgess', 'Andy Grotelueschen', 'Andrew Barth Feldman']","['princess', 'dwarf', 'fairy tale', 'poison', 'musical', 'apple', 'based on movie', 'evil queen', 'based on fairy tale', 'live action remake', 'fantasy', 'romantic fantasy', 'disheartening', 'distressing']",13.0,20.0,-0.3764352962962963,Muy Alta,Regular,"Familia,Fantasía",Marc Webb,"Rachel Zegler,Gal Gadot,Andrew Burnap,Jeremy Swift,Jason Kravits,Martin Klebba,George Salazar,Tituss Burgess,Andy Grotelueschen,Andrew Barth Feldman","Walt Disney Pictures,Marc Platt Productions","princess,dwarf,fairy tale,poison,musical,apple,based on movie,evil queen,based on fairy tale,live action remake,fantasy,romantic fantasy,disheartening,distressing"
False,/dx8wpD04sWu8g9oDi9j0Vi1ocqQ.jpg,"[14, 27]",1140847,en,Cinderella's Revenge,"Cenicienta es empujada demasiado lejos por sus malvadas hermanastras y madrastra, lo que hace que cambie sus zapatos de cristal y utilice la ayuda de su Hada Madrina para buscar una venganza sangrienta.",147.6983,/aViZPvTfDkfFCxuj3fhKgw37lRf.jpg,2024-04-26,La venganza de Cenicienta,False,4.308,13,0,0,85,"['Fantasía', 'Terror']","['Sobini Films', 'Titan Global Entertainment', 'EMRJ Entertainment']",['Andy Edwards'],"['Lauren Staerck', 'Natasha Henstridge', 'Stephanie Lodge', 'Beatrice Fletcher', 'Megan Purvis', 'Darrell Griggs', 'Stephen Staley', 'Jenna N. Wilson', 'William Marshall', 'Mike Kelson']","['princess', 'revenge', 'dark fairy tale']",0.0,20.0,0.0,Muy Alta,Regular,"Fantasía,Terror",Andy Edwards,"Lauren Staerck,Natasha Henstridge,Stephanie Lodge,Beatrice Fletcher,Megan Purvis,Darrell Griggs,Stephen Staley,Jenna N. Wilson,William Marshall,Mike Kelson","Sobini Films,Titan Global Entertainment,EMRJ Entertainment","princess,revenge,dark fairy tale"
False,/zOpe0eHsq0A2NvNyBbtT6sj53qV.jpg,"[28, 878, 35, 10751, 12, 14]",939243,en,Sonic the Hedgehog 3,"Sonic, Knuckles y Tails se reúnen para enfrentarse a un nuevo y poderoso adversario, Shadow, un misterioso villano cuyos poderes no se parecen a nada de lo que nuestros héroes han conocido hasta ahora. Con sus facultades superadas en todos los sentidos, el Equipo Sonic tendrá que establecer una insólita alianza con la esperanza de detener a Shadow y proteger el planeta.",145.4634,/3aDWCRXLYOCuxjrjiPfLd79tcI6.jpg,2024-12-19,Sonic 3: La película,False,7.764,2334,122000000,486018457,110,"['Acción', 'Ciencia ficción', 'Comedia', 'Familia', 'Aventura', 'Fantasía']","['Paramount Pictures', 'Original Film', 'Marza Animation Planet', 'SEGA', 'Blur Studio', 'SEGA of America']",['Jeff Fowler'],"['Jim Carrey', 'Ben Schwartz', 'Keanu Reeves', 'Idris Elba', ""Colleen O'Shaughnessey"", 'James Marsden', 'Tika Sumpter', 'Lee Majdoub', 'Krysten Ritter', 'Adam Pally']","['moon', 'sequel', 'based on video game', 'dual role', 'aftercreditsstinger', 'duringcreditsstinger', 'hedgehog', 'live action and animation', 'grandfather grandson relationship', 'animal human friendship', 'anthropomorphic animal', 'loss and grief', 'cliché', 'complicated', 'sceptical']",12.0,20.0,2.983757844262295,Muy Alta,Buena,"Acción,Ciencia ficción,Comedia,Familia,Aventura,Fantasía",Jeff Fowler,"Jim Carrey,Ben Schwartz,Keanu Reeves,Idris Elba,Colleen O'Shaughnessey,James Marsden,Tika Sumpter,Lee Majdoub,Krysten Ritter,Adam Pally","Paramount Pictures,Original Film,Marza Animation Planet,SEGA,Blur Studio,SEGA of America","moon,sequel,based on video game,dual role,aftercreditsstinger,duringcreditsstinger,hedgehog,live action and animation,grandfather grandson relationship,animal human friendship,anthropomorphic animal,loss and grief,cliché,complicated,sceptical"
False,/hwlyY7LJdEFbCPaGNXiskKKmJ5X.jpg,"[28, 80, 53]",1126166,en,Flight Risk,"En este claustrofóbico thriller, un piloto (Mark Wahlberg) transporta en su avioneta a una teniente general (Michelle Dockery) que custodia a un testigo (Topher Grace) que va a testificar en un juicio contra la mafia. A medida que atraviesan las montañas de Alaska, las tensiones se disparan, ya que no todo el mundo a bordo es quien parece ser. Y a 3.000 metros de altura no hay escapatoria posible.",122.291,/8T6nkYb4W8BIeafmFffyfsRciTL.jpg,2025-01-22,Amenaza en el aire,False,6.135,579,25000000,40420193,91,"['Acción', 'Crimen', 'Suspense']","['Davis Entertainment', 'Icon Productions', 'Hammerstone Studios', 'Media Capital Technologies']",['Mel Gibson'],"['Mark Wahlberg', 'Michelle Dockery', 'Topher Grace', 'Leah Remini', 'Maaz Ali', 'Paul Ben-Victor', 'Eilise Patton', 'Senor Pablo', 'Savanah Joeckel', ""Mark 'Cowboy' Schotz""]","['airplane', 'pilot', 'flight', 'airplane accident']",0.0,20.0,0.61680772,Muy Alta,Buena,"Acción,Crimen,Suspense",Mel Gibson,"Mark Wahlberg,Michelle Dockery,Topher Grace,Leah Remini,Maaz Ali,Paul Ben-Victor,Eilise Patton,Senor Pablo,Savanah Joeckel,Mark 'Cowboy' Schotz","Davis Entertainment,Icon Productions,Hammerstone Studios,Media Capital Technologies","airplane,pilot,flight,airplane accident"
False,/deUWVEgNh2IGjShyymZhaYP40ye.jpg,"[28, 12, 53]",1356039,es,Contraataque,"En una misión de rescate de rehenes, el capitán Guerrero y sus soldados de élite sufren una emboscada de un despiadado cártel de la droga.",118.1721,/kxnFdLJhi37ZVFDCL1ka0yeQVU5.jpg,2025-02-27,Contraataque,False,8.4,597,0,0,85,"['Acción', 'Aventura', 'Suspense']",['Draco Films'],['Chava Cartas'],"['Luis Alberti', 'Noé Hernández', 'Leonardo Alonso', 'Luis Curiel', 'Guillermo Nava', 'David Calderón León', 'Mayra Batalla', 'Israel Islas', 'Ishbel Bautista', 'Frida Jiser']","['mexico', 'usa–mexico border', 'special forces', 'military', 'narcos', 'murcielagos']",0.0,20.0,0.0,Muy Alta,Excelente,"Acción,Aventura,Suspense",Chava Cartas,"Luis Alberti,Noé Hernández,Leonardo Alonso,Luis Curiel,Guillermo Nava,David Calderón León,Mayra Batalla,Israel Islas,Ishbel Bautista,Frida Jiser",Draco Films,"mexico,usa–mexico border,special forces,military,narcos,murcielagos"
False,/e807jDKiFcntZS32ze88X6I96OD.jpg,"[16, 28]",1297763,ja,ニンジャバットマン対ヤクザリーグ,"Sólo un día después de regresar del pasado, Batman y sus aliados descubren que el mundo no es exactamente el mismo que dejaron. Toda la isla de Japón ya no existe y los héroes de la Liga de la Justicia tampoco. Pero antes de que puedan comprender lo que está pasando, los yakuza empiezan a llover literalmente del cielo. Secuela de la película anime 3D ""Batman Ninja"".",115.6258,/3hVjnB5FE4gBrR5rqk42qiBFgGe.jpg,2025-03-17,Batman Ninja vs. Yakuza League,False,6.8,113,0,0,90,"['Animación', 'Acción']","['Kamikaze Douga', 'Warner Bros. Japan', 'DC', 'Warner Bros. Animation']","['水﨑淳平', 'Shinji Takagi']","['Koichi Yamadera', 'Yuki Kaji', 'Kengo Kawanishi', 'Daisuke Ono', 'Akira Ishida', 'Ayane Sakura', 'Akio Otsuka', '檜山修之', 'Romi Park', 'Rie Kugimiya']","['based on comic', 'duringcreditsstinger']",0.0,20.0,0.0,Muy Alta,Buena,"Animación,Acción","水﨑淳平,Shinji Takagi","Koichi Yamadera,Yuki Kaji,Kengo Kawanishi,Daisuke Ono,Akira Ishida,Ayane Sakura,Akio Otsuka,檜山修之,Romi Park,Rie Kugimiya","Kamikaze Douga,Warner Bros. Japan,DC,Warner Bros. Animation","based on comic,duringcreditsstinger"
False,/9nhjGaFLKtddDPtPaX5EmKqsWdH.jpg,"[10749, 878, 53]",950396,en,The Gorge,"Dos agentes de élite son secretamente asignados a torres de vigilancia en los lados opuestos de un vasto desfiladero, para proteger al mundo de un misterioso mal que acecha en su interior. Se unen en la distancia, pero han de mantenerse alerta para defenderse del enemigo invisible. Cuando se les revela una amenaza fatal para la humanidad, deben trabajar juntos y poner a prueba su fuerza física y mental para mantener el secreto del desfiladero antes de que sea demasiado tarde.",110.7793,/3s0jkMh0YUhIeIeioH3kt2X4st4.jpg,2025-02-13,El abismo secreto,False,7.737,2274,70000000,0,127,"['Romance', 'Ciencia ficción', 'Suspense']","['Skydance Media', 'Crooked Highway', 'Apple Studios']",['Scott Derrickson'],"['Miles Teller', 'Anya Taylor-Joy', 'Sigourney Weaver', 'Sope Dirisu', 'William Houston', 'Kobna Holdbrook-Smith', 'James Marlowe', 'Julianna Kurokawa', 'Ruta Gedmintas', 'Oliver Trevena']","['canyon', 'fog', 'romance', 'tower', 'elite sniper', 'snipers', 'long-term observation']",1.0,20.0,-1.0,Muy Alta,Buena,"Romance,Ciencia ficción,Suspense",Scott Derrickson,"Miles Teller,Anya Taylor-Joy,Sigourney Weaver,Sope Dirisu,William Houston,Kobna Holdbrook-Smith,James Marlowe,Julianna Kurokawa,Ruta Gedmintas,Oliver Trevena","Skydance Media,Crooked Highway,Apple Studios","canyon,fog,romance,tower,elite sniper,snipers,long-term observation"
False,/qgIloYWwLdDBOVeoPUQj6sHkg5s.jpg,"[27, 53, 18]",1190462,en,Breathing In,"1901, Sudáfrica. A medida que avanza la Segunda Guerra Anglo-Bóer, un general herido busca refugio en la pequeña casa de una mujer y su pequeña hija. A medida que el hombre herido se instala, comienza a notar que algo anda mal con las dos mujeres, particularmente con la hija, y en poco tiempo, aprenderá la verdadera razón por la que lo han invitado y por cómo han sobrevivido solos durante tanto tiempo.",110.4009,/yy2dmnBlPhx21GUMUJUPxA9QUFp.jpg,2023-10-18,Breathing In,False,4.9,10,0,0,105,"['Terror', 'Suspense', 'Drama']",['Kaapland Films'],['Jaco Bouwer'],"['Michele Burgers', 'Sven Ruygrok', 'Jamie-Lee Money', 'Lionel Newton']",[],0.0,0.0,0.0,Muy Alta,Regular,"Terror,Suspense,Drama",Jaco Bouwer,"Michele Burgers,Sven Ruygrok,Jamie-Lee Money,Lionel Newton",Kaapland Films,
False,/3xN4vNPWBSVDsiiOzL5sB95Sa1J.jpg,"[53, 9648]",257094,en,Holland,"En esta película de suspense impredecible, Nicole Kidman es la meticulosa Nancy Vandergroot, una profesora y ama de casa cuya vida perfecta con su marido y su hijo en Holland, Míchigan, una ciudad llena de tulipanes, se convierte en una historia retorcida. Nancy y su amable compañero de trabajo empiezan a sospechar de un secreto, y acaban descubriendo que nada en sus vidas es lo que parece.",108.5575,/39jIr3A4ScUeGxFdMeARYKNxTgU.jpg,2025-03-27,Holland,False,5.405,222,0,0,110,"['Suspense', 'Misterio']","['Amazon MGM Studios', 'Blossom Films', '42']",['Mimi Cave'],"['Nicole Kidman', 'Gael García Bernal', 'Matthew Macfadyen', 'Jude Hill', 'Jeff Pope', 'Isaac Krasner', 'Lennon Parham', 'Rachel Sennott', 'Chris Witaske', 'River Brooks']","['michigan', 'woman director', 'mysterious', 'secret']",1.0,20.0,0.0,Muy Alta,Regular,"Suspense,Misterio",Mimi Cave,"Nicole Kidman,Gael García Bernal,Matthew Macfadyen,Jude Hill,Jeff Pope,Isaac Krasner,Lennon Parham,Rachel Sennott,Chris Witaske,River Brooks","Amazon MGM Studios,Blossom Films,42","michigan,woman director,mysterious,secret"
False,/3kzw6Rw7TBujqtchJS2TSP3O2US.jpg,"[27, 9648, 53]",1202479,en,Opus,,108.203,/m0du9dsiOVeb0SgfqR8ZAEPRxww.jpg,2025-03-13,Opus,False,5.49,50,10000000,2183539,104,"['Terror', 'Misterio', 'Suspense']","['A24', 'Makeready', 'MACRO']",['Mark Anthony Green'],"['Ayo Edebiri', 'John Malkovich', 'Juliette Lewis', 'Murray Bartlett', 'Melissa Chambers', 'Tony Hale', 'Stephanie Suganami', 'Mark Sivertsen', 'Amber Midthunder', 'Tatanka Means']","['pop star', 'cult', 'psychological thriller', 'cult of celebrity', 'mysterious disappearance']",0.0,20.0,-0.7816461,Muy Alta,Regular,"Terror,Misterio,Suspense",Mark Anthony Green,"Ayo Edebiri,John Malkovich,Juliette Lewis,Murray Bartlett,Melissa Chambers,Tony Hale,Stephanie Suganami,Mark Sivertsen,Amber Midthunder,Tatanka Means","A24,Makeready,MACRO","pop star,cult,psychological thriller,cult of celebrity,mysterious disappearance"
False,/xqO4sV74bfXpk4Yh5K9Yqa11Jcj.jpg,"[10749, 18, 878]",1167366,th,ยูเรนัส 2324,"Unidas en su juventud y separadas por la tragedia, una astronauta y una buceadora libre doblan las leyes del espacio y el tiempo en sus esfuerzos por estar juntas nuevamente.",96.5964,/gZiUK88EQoe3pseBYNl8vJRRHMj.jpg,2024-07-04,ยูเรนัส 2324,False,6.4,28,0,0,148,"['Romance', 'Drama', 'Ciencia ficción']",['VelCurve Studio'],['Thanadol Nuansut'],"['สโรชา จันทร์กิมฮะ', 'Becky Armstrong', 'ทอฝัน ทวีมา', 'Siriam Pakdeedumrongrit', 'อัมรินทร์ นิติพน', 'Ninnart Sinchai', 'So Takei', 'Usha Seamkhum', 'Erich Fleshman', 'Christophe Gerber']","['galaxy', 'space', 'planet', 'lesbian', 'girls love', 'science fiction']",1.0,20.0,0.0,Muy Alta,Buena,"Romance,Drama,Ciencia ficción",Thanadol Nuansut,"สโรชา จันทร์กิมฮะ,Becky Armstrong,ทอฝัน ทวีมา,Siriam Pakdeedumrongrit,อัมรินทร์ นิติพน,Ninnart Sinchai,So Takei,Usha Seamkhum,Erich Fleshman,Christophe Gerber",VelCurve Studio,"galaxy,space,planet,lesbian,girls love,science fiction"
False,/hD2SN5bbqxk0kcRmsATJkXObgnZ.jpg,"[28, 80, 14, 53]",1405338,ja,Demon City 鬼ゴロシ,Un asesino a sueldo retirado no se detiene ante nada para vengarse de los enmascarados que han tomado la ciudad tras inculparlo de matar a su propia familia y darlo por muerto.,95.2785,/cU6InMc8NYc54Ok4NnNHdjipqCQ.jpg,2025-02-26,Oni-Goroshi: Ciudad de los demonios,False,6.913,200,0,0,106,"['Acción', 'Crimen', 'Fantasía', 'Suspense']","['Netflix', 'AMUSE', 'Digital Frontier']",['Seiji Tanaka'],"['Tōma Ikuta', 'Masahiro Higashide', 'Mio Tanaka', 'Ami Touma', '駿河太郎', '木竜麻生', '竹中直人', '音尾琢真', '二代目 尾上松也', '高嶋政伸']","['hitman', 'supernatural', 'revenge', 'organized crime', 'based on manga', 'demon', 'criminal', 'based on graphic novel', 'suspense']",1.0,20.0,0.0,Muy Alta,Buena,"Acción,Crimen,Fantasía,Suspense",Seiji Tanaka,"Tōma Ikuta,Masahiro Higashide,Mio Tanaka,Ami Touma,駿河太郎,木竜麻生,竹中直人,音尾琢真,二代目 尾上松也,高嶋政伸","Netflix,AMUSE,Digital Frontier","hitman,supernatural,revenge,organized crime,based on manga,demon,criminal,based on graphic novel,suspense"
False,/mhKQ5ntqlXyck0TWh1pCpn42aAx.jpg,"[28, 80, 53]",1217379,en,Hellhound,"Persigue a un brutal capo, un error lleva a un asesino a sueldo de élite a una espiral descendente que desemboca en una guerra total en las calles de Tailandia.",90.2844,/n0njyECtGMZmaNk1It44yVE8zEB.jpg,2024-06-20,Hellhound,False,6.5,37,1100000,0,103,"['Acción', 'Crimen', 'Suspense']",[],['Joshua Dixon'],"['Louis Mandylor', 'วิทยา ปานศรีงาม', 'Van Quattro', 'Panya Yimmumphai', 'Winai Wiangyangkung', 'สลิตา กลิ่นจันทน์', 'Jennie Pines', 'Jakrin Jaruthongchai', 'Ron Smoorenburg', 'Tofan Pirani']",[],0.0,0.0,-1.0,Muy Alta,Buena,"Acción,Crimen,Suspense",Joshua Dixon,"Louis Mandylor,วิทยา ปานศรีงาม,Van Quattro,Panya Yimmumphai,Winai Wiangyangkung,สลิตา กลิ่นจันทน์,Jennie Pines,Jakrin Jaruthongchai,Ron Smoorenburg,Tofan Pirani",,
False,/19pr5CzgsBYs67FAJvke8GQxN4g.jpg,[27],1301650,mn,Z Zone,"En un rincón remoto del mundo, un grupo de jóvenes con problemas se encuentra llevado a una misteriosa base militar después de una serie de mal comportamiento. Esperando poco más que una severa reprimenda, en su lugar se les lleva a un mundo de secretos y sombras. En una intención desesperada por la libertad, deben desentrañar los misterios de la base y confrontar a las siniestras fuerzas que acechan en las sombras. Pero con el tiempo agotado y el peligro que acecha en cada esquina, las probabilidades de supervivencia se vuelven más delgadas por minuto. Coraje, fuerza y ​​sacrificio, ¿finalmente escaparían de las garras de la base y salen de la oscuridad a la luz?",89.9468,/ynW7ZFLZsbVQozvzdAOLdQrLL9P.jpg,2025-02-07,Z Zone,False,7.1,14,0,0,83,['Terror'],[],['Bilguun Chuluundorj'],"['Bilguun Chuluundorj', 'Purevjargal Erdenebileg', 'Bazarragchaa Byambajav']",['matter of fact'],0.0,19.0,0.0,Muy Alta,Buena,Terror,Bilguun Chuluundorj,"Bilguun Chuluundorj,Purevjargal Erdenebileg,Bazarragchaa Byambajav",,matter of fact
False,/v9Du2HC3hlknAvGlWhquRbeifwW.jpg,"[28, 12, 53]",539972,en,Kraven the Hunter,"Kraven, un hombre cuya compleja relación con su despiadado padre, Nikolai Kravinoff, le hace emprender un camino de venganza con brutales consecuencias, motivándole a convertirse no sólo en el mejor cazador del mundo, sino también en uno de los más temidos.",89.1669,/ytmJ11n9gm34D1v56myjTxMaEDJ.jpg,2024-12-11,Kraven the Hunter,False,6.622,1527,120000000,59184643,126,"['Acción', 'Aventura', 'Suspense']","['Columbia Pictures', 'Matt Tolmach Productions', 'Arad Productions']",['J.C. Chandor'],"['Aaron Taylor-Johnson', 'Ariana DeBose', 'Fred Hechinger', 'Alessandro Nivola', 'Christopher Abbott', 'Russell Crowe', 'Юрий Колокольников', 'Levi Miller', 'Tom Reed', 'Billy Barratt']","['hunter', 'superhero', 'villain', 'based on comic', 'supervillain', 'antihero', 'intense', 'admiring', 'antagonistic']",36.0,20.0,-0.5067946416666667,Muy Alta,Buena,"Acción,Aventura,Suspense",J.C. Chandor,"Aaron Taylor-Johnson,Ariana DeBose,Fred Hechinger,Alessandro Nivola,Christopher Abbott,Russell Crowe,Юрий Колокольников,Levi Miller,Tom Reed,Billy Barratt","Columbia Pictures,Matt Tolmach Productions,Arad Productions","hunter,superhero,villain,based on comic,supervillain,antihero,intense,admiring,antagonistic"
False,/oDvBfDVgF6uthIPdRfC6zqqbvcE.jpg,"[35, 10402]",1265623,fr,Banger,"Cuando la policía le contrata para desmantelar una peculiar banda de delincuentes vinculada a su rival, un DJ en horas bajas ve la ocasión de volver a lo más alto con un temazo.",83.7257,/x2pegSby27ebOwW361GJb1aKcxa.jpg,2025-04-01,DJ encubierto,False,4.381,21,0,0,90,"['Comedia', 'Música']",['Iconoclast'],['So-Me'],"['Vincent Cassel', 'Yvick Letexier', 'Laura Felpin', 'Alexis Manenti', 'Nina Zem', 'Déborah Lukumuena', 'Philippe Katerine', 'Paul Mirabel', 'Tom Dingler', 'Alice Moitié']","['intelligence agency', 'dj', 'artistic rivalry', 'based on short']",0.0,20.0,0.0,Muy Alta,Regular,"Comedia,Música",So-Me,"Vincent Cassel,Yvick Letexier,Laura Felpin,Alexis Manenti,Nina Zem,Déborah Lukumuena,Philippe Katerine,Paul Mirabel,Tom Dingler,Alice Moitié",Iconoclast,"intelligence agency,dj,artistic rivalry,based on short"
False,/7cNE2qydew1c8fqnlhWjkE3DHc2.jpg,"[28, 18, 12, 10752]",927342,ta,அமரன்,"La heroica historia del Major Mukund Varadarajan, un oficial del ejército indio que demostró una valentía extraordinaria durante una misión antiterrorista en el distrito de Shopian, en Cachemira.  La película captura su coraje al proteger a su nación y la devoción de su esposa Indhu Rebecaa Varghese.",80.6957,/jVP3rAtgBMFH6RrSa6r4aP4wv1T.jpg,2024-10-31,Amaran,False,7.385,205,21000000,0,169,"['Acción', 'Drama', 'Aventura', 'Bélica']","['Raajkamal Films International', 'Sony Pictures International Productions']",['Rajkumar Periasamy'],"['Sivakarthikeyan', 'Sai Pallavi', 'Rahul Bose', 'Bhuvan Arora', 'Lallu Prasath', 'Shyam Mohan', 'Mir Salman', 'Shyamaprasad', 'Geetha Kailasam', 'Gaurav Venkatesh']","['based on novel or book', 'affectation', 'based on true story', 'martyr', 'indian army', 'counterterrorism', 'loving', '2010s', 'indian history', 'admiring', 'hopeful', 'based on real person', 'ashoka chakra', 'indian military']",0.0,20.0,-1.0,Muy Alta,Buena,"Acción,Drama,Aventura,Bélica",Rajkumar Periasamy,"Sivakarthikeyan,Sai Pallavi,Rahul Bose,Bhuvan Arora,Lallu Prasath,Shyam Mohan,Mir Salman,Shyamaprasad,Geetha Kailasam,Gaurav Venkatesh","Raajkamal Films International,Sony Pictures International Productions","based on novel or book,affectation,based on true story,martyr,indian army,counterterrorism,loving,2010s,indian history,admiring,hopeful,based on real person,ashoka chakra,indian military"
False,/AtciHGgpOU7ngsVhXbS2S5Spdlv.jpg,"[28, 35]",1077782,en,Old Guy,"Danny Dolinski (Christoph Waltz) es un veterano sicario que, pese a estar a punto de retirarse, está convencido de que sigue siendo el mejor en su trabajo. La compañía para la que trabajaba vuelve a llamarlo con una nueva misión: entrenar a Wihlborg (Cooper Hoffman), un joven prodigio recién llegado. Aunque al principio no lograrán entenderse, tendrán que unir sus habilidades para descubrir la verdad que se esconde tras la organización para la que trabajan.",80.37,/uO7d83mC6Jvdg5G1GShN5uOnFfo.jpg,2024-12-13,El maestro del crimen,False,5.639,72,0,0,93,"['Acción', 'Comedia']","['23ten', 'Source Management + Production', 'Aperture Media Partners', 'Pfaff & Pfaff Productions', 'LB Entertainment', 'Wee Buns Films', 'Northern Ireland Screen', 'Highland Film Group', 'Yellow Moon', 'Dark Castle Entertainment']",['Simon West'],"['Christoph Waltz', 'Lucy Liu', 'Cooper Hoffman', 'Karishma Navekar', 'Desmond Edwards', 'Ryan McParland', 'Ann Akinjirin', 'Charlie Hamblett', 'Tamara Chanel White', 'Jason Done']","['mentor protégé relationship', 'contract killer', 'gen z']",1.0,20.0,0.0,Muy Alta,Regular,"Acción,Comedia",Simon West,"Christoph Waltz,Lucy Liu,Cooper Hoffman,Karishma Navekar,Desmond Edwards,Ryan McParland,Ann Akinjirin,Charlie Hamblett,Tamara Chanel White,Jason Done","23ten,Source Management + Production,Aperture Media Partners,Pfaff & Pfaff Productions,LB Entertainment,Wee Buns Films,Northern Ireland Screen,Highland Film Group,Yellow Moon,Dark Castle Entertainment","mentor protégé relationship,contract killer,gen z"
False,/vZG7PrX9HmdgL5qfZRjhJsFYEIA.jpg,"[28, 878, 12]",912649,en,Venom: The Last Dance,"Eddie y Venom están a la fuga. Perseguidos por sus sendos mundos y cada vez más cercados, el dúo se ve abocado a tomar una decisión devastadora que hará que caiga el telón sobre el último baile de Venom y Eddie.",79.9906,/8F74DwgFxTIBNtbqSLjR7zWmnHh.jpg,2024-10-22,Venom: El último baile,False,6.786,3132,120000000,478103649,109,"['Acción', 'Ciencia ficción', 'Aventura']","['Columbia Pictures', 'Pascal Pictures', 'Matt Tolmach Productions', 'Hutch Parker Entertainment', 'Arad Productions']",['Kelly Marcel'],"['Tom Hardy', 'Chiwetel Ejiofor', 'Juno Temple', 'Rhys Ifans', 'Stephen Graham', 'Peggy Lu', 'Clark Backo', 'Alanna Ubach', 'Cristo Fernández', 'Jared Abrahamson']","['hero', 'superhero', 'anti hero', 'villain', 'alien life-form', 'based on comic', 'sequel', 'aftercreditsstinger', 'woman director', 'amused', 'indifferent']",41.0,20.0,2.984197075,Muy Alta,Buena,"Acción,Ciencia ficción,Aventura",Kelly Marcel,"Tom Hardy,Chiwetel Ejiofor,Juno Temple,Rhys Ifans,Stephen Graham,Peggy Lu,Clark Backo,Alanna Ubach,Cristo Fernández,Jared Abrahamson","Columbia Pictures,Pascal Pictures,Matt Tolmach Productions,Hutch Parker Entertainment,Arad Productions","hero,superhero,anti hero,villain,alien life-form,based on comic,sequel,aftercreditsstinger,woman director,amused,indifferent"
False,/6dC7ULfiutxwEAs7LjWHL2Tc7Zv.jpg,"[27, 35]",1124620,en,The Monkey,"Cuando dos hermanos gemelos encuentran un misterioso mono de cuerda, una serie de muertes atroces separan a su familia. Veinticinco años después, el mono comienza una nueva matanza que obliga a los hermanos a enfrentarse al juguete maldito.",77.9178,/eEhZyX9s15RRjDZ358GNNQRBMWs.jpg,2025-02-14,The Monkey,False,5.874,389,10000000,64624441,98,"['Terror', 'Comedia']","['Atomic Monster', 'C2 Motion Picture Group', 'Range Media Partners', 'Oddfellows Entertainment', 'The Safran Company', 'Stars Collective']",['Osgood Perkins'],"['Theo James', 'Tatiana Maslany', 'Christian Convery', ""Colin O'Brien"", 'Adam Scott', 'Elijah Wood', 'Rohan Campbell', 'Sarah Levy', 'Osgood Perkins', 'Nicco Del Rio']","['sibling relationship', 'shotgun', 'supernatural', 'drums', 'harpoon', 'dark comedy', 'gore', 'twin brother', 'maine', 'accidental death', 'wasp', 'monkey', 'exploding body', 'death', 'evil', 'evil twin', 'based on short story', 'dual role', 'cursed', '1990s', 'horror comedy', 'father son relationship', 'mother son relationship', 'brother brother relationship', 'toy monkey', 'supernatural horror', 'toy', 'cursed object', 'horror', 'disgusted', 'japanese restaurant', 'father son estrangement']",0.0,20.0,5.4624441,Muy Alta,Regular,"Terror,Comedia",Osgood Perkins,"Theo James,Tatiana Maslany,Christian Convery,Colin O'Brien,Adam Scott,Elijah Wood,Rohan Campbell,Sarah Levy,Osgood Perkins,Nicco Del Rio","Atomic Monster,C2 Motion Picture Group,Range Media Partners,Oddfellows Entertainment,The Safran Company,Stars Collective","sibling relationship,shotgun,supernatural,drums,harpoon,dark comedy,gore,twin brother,maine,accidental death,wasp,monkey,exploding body,death,evil,evil twin,based on short story,dual role,cursed,1990s,horror comedy,father son relationship,mother son relationship,brother brother relationship,toy monkey,supernatural horror,toy,cursed object,horror,disgusted,japanese restaurant,father son estrangement"
False,/lsgT602GYV8ts97sKH1gWFtQs1k.jpg,"[16, 12, 35, 10751, 14]",1104845,en,Plankton: The Movie,La complicada historia de amor de Plankton con su esposa computarizada Karen se complica cuando ella decide destruir el mundo sin él.,73.981,/fCvwQJVcbjNub2PiKzZmQXR7i1I.jpg,2025-03-08,"Plankton, la película",False,7.0,69,0,0,83,"['Animación', 'Aventura', 'Comedia', 'Familia', 'Fantasía']",['Nickelodeon Movies'],['Dave Needham'],"['Mr. Lawrence', 'Jill Talley', 'Tom Kenny', 'Bill Fagerbakke', 'Rodger Bumpass', 'Carolyn Lawrence', 'Clancy Brown', 'Mary Jo Catlett', 'Lori Alan', 'Dee Bradley Baker']","['based on cartoon', 'based on tv series', '3d animation', 'hilarious', 'indifferent']",1.0,20.0,0.0,Muy Alta,Buena,"Animación,Aventura,Comedia,Familia,Fantasía",Dave Needham,"Mr. Lawrence,Jill Talley,Tom Kenny,Bill Fagerbakke,Rodger Bumpass,Carolyn Lawrence,Clancy Brown,Mary Jo Catlett,Lori Alan,Dee Bradley Baker",Nickelodeon Movies,"based on cartoon,based on tv series,3d animation,hilarious,indifferent"
False,/sc1abgWNXc29wSBaerrjGBih06l.jpg,"[27, 878, 53]",1084199,en,Companion,La muerte de un multimillonario desencadena una serie de acontecimientos para Iris y sus amigos durante un viaje de fin de semana a su finca junto al lago.,72.9144,/dZR98C2Tzefugivw21yEfYvp1G9.jpg,2025-01-22,La acompañante,False,7.082,966,10000000,36499858,97,"['Terror', 'Ciencia ficción', 'Suspense']","['BoulderLight Pictures', 'New Line Cinema', 'Vertigo Entertainment', 'Subconscious', 'Domain Entertainment', 'Warner Bros. Pictures']",['Drew Hancock'],"['Sophie Thatcher', 'Jack Quaid', 'Lukas Gage', 'Megan Suri', 'Harvey Guillén', 'Rupert Friend', 'Jaboukie Young-White', 'Matthew J. McCarthy', 'Marc Menchaca', 'Woody Fu']","['artificial intelligence (a.i.)', 'cabin', 'robot', 'boyfriend girlfriend relationship', 'duringcreditsstinger', 'robot girl', 'weekend getaway', 'human android relationship', 'toxic relationship', 'abusive relationship', 'malfunctioning android', 'sentient machine', 'sinister', 'sci-fi horror', 'human vs machines', 'cybernetics', 'android horror']",8.0,20.0,2.6499858,Muy Alta,Buena,"Terror,Ciencia ficción,Suspense",Drew Hancock,"Sophie Thatcher,Jack Quaid,Lukas Gage,Megan Suri,Harvey Guillén,Rupert Friend,Jaboukie Young-White,Matthew J. McCarthy,Marc Menchaca,Woody Fu","BoulderLight Pictures,New Line Cinema,Vertigo Entertainment,Subconscious,Domain Entertainment,Warner Bros. Pictures","artificial intelligence (a.i.),cabin,robot,boyfriend girlfriend relationship,duringcreditsstinger,robot girl,weekend getaway,human android relationship,toxic relationship,abusive relationship,malfunctioning android,sentient machine,sinister,sci-fi horror,human vs machines,cybernetics,android horror"
False,/bA4Io3xv46oEyP4O51uU0EKbluF.jpg,"[28, 80]",995926,ko,베테랑 2,"El detective Seo Do-cheol y su División de Investigación de Delitos Graves persiguen incansablemente a los criminales día y noche, a menudo a costa de sus vidas personales. Cuando el asesinato de un profesor revela vínculos con casos anteriores, surgen las sospechas de un asesino en serie, sumiendo al país en la confusión. Mientras Crímenes Prioritarios se adentra en la investigación, el asesino se burla de ellos lanzando públicamente un teaser en Internet, indicando la próxima víctima e intensificando el caos. Para hacer frente a la creciente amenaza, el equipo incorpora al idealista agente novato Park Sun-woo, lo que da lugar a giros inesperados en la trayectoria del caso.",71.6205,/4o4fh62VZewnBotiVT33d0dvPsX.jpg,2024-09-13,El ejecutor,False,7.031,48,0,53453611,118,"['Acción', 'Crimen']","['Filmmaker R&K', 'CJ Entertainment']",['류승완'],"['황정민', '정해인', '오달수', '오대환', '장윤주', '김시후', '진경', '신승환', '정만식', '권해효']","['sequel', 'police chase']",1.0,20.0,0.0,Muy Alta,Buena,"Acción,Crimen",류승완,"황정민,정해인,오달수,오대환,장윤주,김시후,진경,신승환,정만식,권해효","Filmmaker R&K,CJ Entertainment","sequel,police chase"
False,/euYIwmwkmz95mnXvufEmbL6ovhZ.jpg,"[28, 12, 18]",558449,en,Gladiator II,"Dieciséis años después de la muerte de Marco Aurelio, Roma está gobernada por los despiadados emperadores gemelos Geta y Caracalla. El nieto de Aurelio, Lucio Vero, vive bajo el seudónimo de Hanno con su esposa Arishat en el reino norteafricano de Numidia. El ejército romano dirigido por el general Acacio invade y conquista el reino, esclavizando a Lucio junto con otros supervivientes. Los esclavos son llevados a Ostia, donde Lucio es comprado por el maestro de cuadra Macrinus, que le promete la oportunidad de vengarse matando a Acacio si gana suficientes combates para llegar al Coliseo.",71.5707,/fbcs5AxrdXwyj1b8bGGMgC9kXrM.jpg,2024-11-13,Gladiator II,False,6.761,3141,310000000,458718000,148,"['Acción', 'Aventura', 'Drama']","['Paramount Pictures', 'Scott Free Productions', 'Lucy Fisher/Douglas Wick Productions']",['Ridley Scott'],"['Paul Mescal', 'Denzel Washington', 'Pedro Pascal', 'Connie Nielsen', 'Joseph Quinn', 'Fred Hechinger', 'Lior Raz', 'Derek Jacobi', 'Peter Mensah', 'Matt Lucas']","['epic', 'gladiator', 'roman empire', 'ancient rome', 'sequel', 'evil tyrant', 'absurd', 'sword and sandal', 'sword fighting', 'second part', 'arrogant']",21.0,20.0,0.47973548387096776,Muy Alta,Buena,"Acción,Aventura,Drama",Ridley Scott,"Paul Mescal,Denzel Washington,Pedro Pascal,Connie Nielsen,Joseph Quinn,Fred Hechinger,Lior Raz,Derek Jacobi,Peter Mensah,Matt Lucas","Paramount Pictures,Scott Free Productions,Lucy Fisher/Douglas Wick Productions","epic,gladiator,roman empire,ancient rome,sequel,evil tyrant,absurd,sword and sandal,sword fighting,second part,arrogant"
False,/7q5RVohE85yuQ9uZWXEXlHmfUOE.jpg,"[28, 27]",1062276,en,Dark Match,"Una pequeña empresa de espectáculos de lucha libre acepta un trabajo bien pagado en un pueblo remoto. Sus miembros descubren, demasiado tarde, que la comunidad está dirigida por un misterioso líder.",68.9694,/6E6fBED3ix7FmrWUWZdeYG4vqK8.jpg,2024-07-21,Dark Match,False,4.8,10,0,0,94,"['Acción', 'Terror']",['Dept.9 Studios'],['Lowell Dean'],"['Ayisha Issa', 'Steven Ogg', 'Mo Jabari', 'Sara Canning', 'Chris Irvine', 'Jonathan Cherry', 'Michael Eklund', 'Stephanie Wolfe', 'Leo Fafard', 'Mitchell Clarke']","['wrestling', 'cult', 'backwoods', 'cult leader', 'pro wrestling', 'rural']",0.0,20.0,0.0,Muy Alta,Regular,"Acción,Terror",Lowell Dean,"Ayisha Issa,Steven Ogg,Mo Jabari,Sara Canning,Chris Irvine,Jonathan Cherry,Michael Eklund,Stephanie Wolfe,Leo Fafard,Mitchell Clarke",Dept.9 Studios,"wrestling,cult,backwoods,cult leader,pro wrestling,rural"
False,/jl2YIADk391yc6Qjy9JhgCRkHJk.jpg,"[16, 18, 35]",1064486,en,Memoir of a Snail,,67.8652,/sJ7bgsuC06tpC7wVl3LUW5cyKmX.jpg,2024-10-17,Memorias de un caracol,False,7.996,354,4350000,2251196,94,"['Animación', 'Drama', 'Comedia']","['Arenamedia', 'Screen Australia']",['Adam Elliot'],"['Sarah Snook', 'Kodi Smit-McPhee', 'Jacki Weaver', 'Magda Szubanski', 'Dominique Pinon', 'Tony Armstrong', 'Paul Capsis', 'Eric Bana', 'Bernie Clifford', 'Davey Thompson']","['difficult childhood', 'death of father', 'stop motion', 'adult animation', 'death in childbirth', 'broken family', 'brother sister relationship', 'snail']",0.0,20.0,-0.4824836781609195,Muy Alta,Buena,"Animación,Drama,Comedia",Adam Elliot,"Sarah Snook,Kodi Smit-McPhee,Jacki Weaver,Magda Szubanski,Dominique Pinon,Tony Armstrong,Paul Capsis,Eric Bana,Bernie Clifford,Davey Thompson","Arenamedia,Screen Australia","difficult childhood,death of father,stop motion,adult animation,death in childbirth,broken family,brother sister relationship,snail"
False,/pwfXx2O3eFXi5dtWCV5XJPQJgqN.jpg,"[28, 53]",1143407,hi,स्काई फ़ोर्स,,67.146,/f1KLUpaW7rbXhUm5SxG1lpPFFCJ.jpg,2025-01-24,स्काई फ़ोर्स,False,6.98,25,0,0,125,"['Acción', 'Suspense']","['Maddock Films', 'Jio Studios']","['Sandeep Kewlani', 'Abhishek Kapur']","['Akshay Kumar', 'Veer Pahariya', 'Nimrat Kaur', 'Sara Ali Khan', 'Sharad Kelkar', 'Mohit Chauhan', 'Manish Chaudhary', 'Naisha Khanna', 'Soham Majumdar', 'Varun Badola']","['historical epic', 'bollywood', 'indian air force', 'inspired by true story', 'pakistani air force']",0.0,20.0,0.0,Muy Alta,Buena,"Acción,Suspense","Sandeep Kewlani,Abhishek Kapur","Akshay Kumar,Veer Pahariya,Nimrat Kaur,Sara Ali Khan,Sharad Kelkar,Mohit Chauhan,Manish Chaudhary,Naisha Khanna,Soham Majumdar,Varun Badola","Maddock Films,Jio Studios","historical epic,bollywood,indian air force,inspired by true story,pakistani air force"
False,/hlfyEitcmizL4AEYhcbqpXWklLK.jpg,[27],1441734,es,Giro final,"Mónica tiene un podcast y Alex tiene un oscuro secreto. A veces, reunirse con amigos en línea en la vida real no es una buena idea.",62.5075,/npzFyBu4fFPQpWXaLKdrXc6JrUK.jpg,2025-03-26,Giro final,False,5.875,4,100000,0,95,['Terror'],['Norberfilms'],['Norberto Ramos del Val'],"['Adrián Labrador', 'Sara Sanz', 'Yaiza Hervás', 'Alverto Díaz', 'Marina Arreghini', 'Eva García-Vacas', 'Andrés Jesús Parra García', 'Pablo Blanco']",[],0.0,0.0,-1.0,Muy Alta,Regular,Terror,Norberto Ramos del Val,"Adrián Labrador,Sara Sanz,Yaiza Hervás,Alverto Díaz,Marina Arreghini,Eva García-Vacas,Andrés Jesús Parra García,Pablo Blanco",Norberfilms,
False,/lgkPzcOSnTvjeMnuFzozRO5HHw1.jpg,"[16, 10751, 35, 878]",519182,en,Despicable Me 4,"Gru, Lucy y las niñas -Margo, Edith y Agnes- dan la bienvenida a un nuevo miembro en la familia: Gru Junior, que parece llegar con el propósito de ser un suplicio para su padre. Gru tendrá que enfrentarse en esta ocasión a su nueva némesis Maxime Le Mal y su sofisticada y malévola novia Valentina, lo que obligará a la familia a tener que darse a la fuga. Cuarta entrega de 'Gru, mi villano favorito'.",62.0002,/wTpzSDfbUuHPEgqgt5vwVtPHhrb.jpg,2024-06-20,Gru 4. Mi villano favorito,False,7.1,2671,100000000,969280910,94,"['Animación', 'Familia', 'Comedia', 'Ciencia ficción']","['Universal Pictures', 'Illumination']",['Chris Renaud'],"['Steve Carell', 'Kristen Wiig', 'Will Ferrell', 'Sofía Vergara', 'Miranda Cosgrove', 'Dana Gaier', 'Madison Polan', 'Pierre Coffin', 'Chris Renaud', 'Steve Coogan']","['superhero', 'villain', 'sequel', 'super villain', 'aftercreditsstinger', 'duringcreditsstinger', 'kids', 'calm', 'illumination']",10.0,20.0,8.6928091,Muy Alta,Buena,"Animación,Familia,Comedia,Ciencia ficción",Chris Renaud,"Steve Carell,Kristen Wiig,Will Ferrell,Sofía Vergara,Miranda Cosgrove,Dana Gaier,Madison Polan,Pierre Coffin,Chris Renaud,Steve Coogan","Universal Pictures,Illumination","superhero,villain,sequel,super villain,aftercreditsstinger,duringcreditsstinger,kids,calm,illumination"
False,/mQZJoIhTEkNhCYAqcHrQqhENLdu.jpg,"[16, 878, 10751]",1184918,en,The Wild Robot,"Esta aventura épica cuenta la historia de una robot, Rozzum 7-1-3-4, ""Roz"" para abreviar, que naufraga en una isla inhabitada y debe aprender a adaptarse a los entornos rigurosos construyendo relaciones con los animales de la isla y convirtiéndose en la madre adoptiva de una cría de ganso huérfana.",61.569,/a0a7RC01aTa7pOnskgJb3mCD2Ba.jpg,2024-09-12,Robot salvaje,False,8.332,4651,78000000,331982078,101,"['Animación', 'Ciencia ficción', 'Familia']",['DreamWorks Animation'],['Chris Sanders'],"[""Lupita Nyong'o"", 'Pedro Pascal', 'Kit Connor', 'Bill Nighy', 'Stephanie Hsu', 'Matt Berry', 'Ving Rhames', 'Mark Hamill', ""Catherine O'Hara"", 'Boone Storm']","['villain', 'robot', ""based on children's book"", 'female villain', 'aftercreditsstinger', 'duringcreditsstinger', 'kids', 'adopted son', 'complex', 'mischievous', 'playful', 'traditional parenting', 'euphoric', 'exhilarated', 'optimistic']",14.0,20.0,3.256180487179487,Muy Alta,Excelente,"Animación,Ciencia ficción,Familia",Chris Sanders,"Lupita Nyong'o,Pedro Pascal,Kit Connor,Bill Nighy,Stephanie Hsu,Matt Berry,Ving Rhames,Mark Hamill,Catherine O'Hara,Boone Storm",DreamWorks Animation,"villain,robot,based on children's book,female villain,aftercreditsstinger,duringcreditsstinger,kids,adopted son,complex,mischievous,playful,traditional parenting,euphoric,exhilarated,optimistic"
False,/qwK9soQmmJ7kRdjLZVXblw3g7AQ.jpg,"[28, 12, 53, 80]",7451,en,xXx,"Xander Cage es XXX, un antiguo ganador de X-Games y atleta profesional de deportes de extremo, que sobrevive vendiendo videos de sus increíbles hazañas, las cuales hacen emitir adrenalina por todo el cuerpo. Pero después de incontables encuentros con la ley, su mundo está a punto de tomar un rumbo aún más extremo... Porque Xander no sabe que ha sido ""espiado"" por Augustus Gibbons, un agente veterano de la Agencia Nacional de Seguridad que se encuentra en una desesperada situación en la distante ciudad de Praga, en donde su operativo secreto ha sido asesinado por una pandilla de mafiosos con un estilo muy propio, que se llaman así mismos Anarchy 99, encabezados por el brutal ex-Comandante del Ejército Ruso Yorgi.",61.4597,/gd4hRY3pFXRY7YVbMdVBpnKV7wC.jpg,2002-08-09,xXx,False,5.938,4389,70000000,277448382,124,"['Acción', 'Aventura', 'Suspense', 'Crimen']","['Columbia Pictures', 'Original Film', 'Revolution Studios', 'Neal H. Moritz Productions']",['Rob Cohen'],"['Vin Diesel', 'Asia Argento', 'Marton Csokas', 'Samuel L. Jackson', 'Michael Roof', 'Richy Müller', 'Werner Daehn', 'Petr Jákl', 'Jan Filipenský', 'Tom Everett']","['mission', 'biological weapon', 'sports car', 'cold war', 'prague, czech republic', 'nsa agent', 'ironic', 'adrenaline junkie', 'thrill seeker', 'wonder', 'provocative', 'hilarious', 'approving', 'joyful', 'mocking', 'pretentious']",0.0,20.0,2.963548314285714,Muy Alta,Regular,"Acción,Aventura,Suspense,Crimen",Rob Cohen,"Vin Diesel,Asia Argento,Marton Csokas,Samuel L. Jackson,Michael Roof,Richy Müller,Werner Daehn,Petr Jákl,Jan Filipenský,Tom Everett","Columbia Pictures,Original Film,Revolution Studios,Neal H. Moritz Productions","mission,biological weapon,sports car,cold war,prague, czech republic,nsa agent,ironic,adrenaline junkie,thrill seeker,wonder,provocative,hilarious,approving,joyful,mocking,pretentious"
False,/by8z9Fe8y7p4jo2YlW2SZDnptyT.jpg,"[28, 35, 878]",533535,en,Deadpool & Wolverine,"Un apático Wade Wilson se afana en la vida civil tras dejar atrás sus días como Deadpool, un mercenario moralmente flexible. Pero cuando su mundo natal se enfrenta a una amenaza existencial, Wade debe volver a vestirse a regañadientes con un Lobezno aún más reacio a ayudar.",61.4447,/9TFSqghEHrlBMRR63yTx80Orxva.jpg,2024-07-24,Deadpool y Lobezno,False,7.608,7004,200000000,1338073645,127,"['Acción', 'Comedia', 'Ciencia ficción']","['Marvel Studios', 'Maximum Effort', '21 Laps Entertainment', '20th Century Studios', 'Kevin Feige Productions', 'TSG Entertainment']",['Shawn Levy'],"['Ryan Reynolds', 'Hugh Jackman', 'Emma Corrin', 'Matthew Macfadyen', 'Dafne Keen', 'Jon Favreau', 'Morena Baccarin', 'Rob Delaney', 'Leslie Uggams', 'Jennifer Garner']","['hero', 'superhero', 'anti hero', 'mutant', 'breaking the fourth wall', 'aftercreditsstinger', 'duringcreditsstinger', 'marvel cinematic universe (mcu)', 'mutants', 'superhero teamup']",31.0,20.0,5.690368225,Muy Alta,Buena,"Acción,Comedia,Ciencia ficción",Shawn Levy,"Ryan Reynolds,Hugh Jackman,Emma Corrin,Matthew Macfadyen,Dafne Keen,Jon Favreau,Morena Baccarin,Rob Delaney,Leslie Uggams,Jennifer Garner","Marvel Studios,Maximum Effort,21 Laps Entertainment,20th Century Studios,Kevin Feige Productions,TSG Entertainment","hero,superhero,anti hero,mutant,breaking the fourth wall,aftercreditsstinger,duringcreditsstinger,marvel cinematic universe (mcu),mutants,superhero teamup"
False,/u7AZ5CdT2af8buRjmYCPXNyJssd.jpg,"[28, 35]",1160956,zh,熊猫计划,"Poco después de que la legendaria estrella del kung fu Jackie Chan sea invitada a adoptar a un querido panda del zoo llamado Hu Hu, un famoso sindicato del crimen internacional pone sus ojos en el famoso oso y ofrece una enorme recompensa por su captura. Ante esta repentina crisis, Jackie Chan recurre a la ayuda de su agente y del feroz cuidador de Hu Hu, y el trío se embarca en una aventura en la que intentarán ser más listos que los malos en todo momento.",61.3559,/sul3eKDF9rb0wn2Q9wFfv61lOGi.jpg,2024-10-01,Panda Plan,False,6.95,171,0,42333207,99,"['Acción', 'Comedia']","['Emei Film Studio', 'Mandarin Motion Pictures', 'Maoyan Entertainment', 'Wishart Media']",['張欒'],"['Jackie Chan', 'Shi Ce', '魏翔', 'Han Yanbo', 'Danny Ray', '许君聪', 'Andy Friend', '黄允桐', '贾冰', 'Temur Mamisashvili']","['assistant', 'zoo', 'panda', 'superstar', 'rescue operation', 'international superstar']",0.0,20.0,0.0,Muy Alta,Buena,"Acción,Comedia",張欒,"Jackie Chan,Shi Ce,魏翔,Han Yanbo,Danny Ray,许君聪,Andy Friend,黄允桐,贾冰,Temur Mamisashvili","Emei Film Studio,Mandarin Motion Pictures,Maoyan Entertainment,Wishart Media","assistant,zoo,panda,superstar,rescue operation,international superstar"
False,/hlfu6g0h0D65SjkVhQBU20zePTl.jpg,"[28, 12, 14, 16]",1357633,ja,俺だけレベルアップな件 -ReAwakening-,"Ha pasado más de una década desde que un camino llamado ""portal"" que conecta este mundo con una dimensión alternativa apareció de repente, y personas con poderes sobrehumanos llamados ""cazadores"" han despertado. Los cazadores usan sus poderes sobrehumanos para conquistar mazmorras dentro de los portales para ganarse la vida y Sung Jinwoo, un cazador del rango más bajo, es considerado como el Cazador Más débil de Toda la Humanidad. Un día se encuentra con una mazmorra doble, una mazmorra de alto nivel oculta dentro de una de bajo nivel. Frente a un Jinwoo gravemente herido, surge una misteriosa ventana hacia una misión. Al borde de la muerte, Jinwoo decide encargarse de la misión, que le convierte en la única persona capaz de subir de nivel. Largometraje formado por una recapitulación de la primera temporada de la serie de anime homónima junto con un avance exclusivo de los dos primeros episodios de la segunda temporada.",59.8217,/diPEcLFEb1uuUpApol1Bit6ck3l.jpg,2024-11-26,Solo Leveling: ReAwakening,False,6.949,177,0,6331827,116,"['Acción', 'Aventura', 'Fantasía', 'Animación']","['Aniplex', 'A-1 Pictures']",['Shunsuke Nakashige'],"['Taito Ban', 'Genta Nakamura', '三川華月', 'Reina Ueda', 'Daisuke Hirakawa', 'Hiroki Touchi', 'Banjo Ginga', 'Makoto Furukawa']","['based on novel or book', 'based on comic', 'compilation', 'edited from tv series', 'anime', 'based on webcomic or webtoon']",2.0,20.0,0.0,Muy Alta,Buena,"Acción,Aventura,Fantasía,Animación",Shunsuke Nakashige,"Taito Ban,Genta Nakamura,三川華月,Reina Ueda,Daisuke Hirakawa,Hiroki Touchi,Banjo Ginga,Makoto Furukawa","Aniplex,A-1 Pictures","based on novel or book,based on comic,compilation,edited from tv series,anime,based on webcomic or webtoon"
False,/nYQJYdfoy7Tkx6bPzUpmCMmyJ4y.jpg,"[53, 28]",1151470,en,The Vigilante,"Al regresar de Afganistán, Jessica, una marine de Spec OPS, se encuentra en una guerra que nunca imaginó y descubre que los suburbios del centro de Estados Unidos han cambiado cuando su hermana de trece años, Aimee, es secuestrada por traficantes sexuales.",59.4611,/i6ZO28AmFatUHKwW3LYzBsJvUSs.jpg,2023-09-08,El último disparo,False,5.9,20,0,0,100,"['Suspense', 'Acción']",['Shattered Images Films'],['Lee Whittaker'],"['Jet Jandreau', 'Alison Jaye Horowitz', 'Ana Alexander', 'Eric Pierce', 'Jamie Timmons', 'Julien Cesario', 'Laur Allen', 'Terence J. Rotolo', 'Emma Malouff', 'Alondra Delgado']",[],0.0,0.0,0.0,Muy Alta,Regular,"Suspense,Acción",Lee Whittaker,"Jet Jandreau,Alison Jaye Horowitz,Ana Alexander,Eric Pierce,Jamie Timmons,Julien Cesario,Laur Allen,Terence J. Rotolo,Emma Malouff,Alondra Delgado",Shattered Images Films,
False,/oz4U9eA6ilYf1tyiVuGmkftdLac.jpg,"[10749, 18]",1010581,es,Culpa mía,"Noah debe dejar su ciudad, novio y amigos para mudarse a la mansión de William Leister, el flamante y rico marido de su madre Rafaela. Por otro lado, con 17 años, orgullosa e independiente, Noah se resiste a vivir en una mansión rodeada de lujo. Allí conoce a Nick, su nuevo hermanastro, y el choque de sus fuertes personalidades se hace evidente desde el primer momento.",58.0475,/gp31EwMH5D2bftOjscwkgTmoLAB.jpg,2023-06-08,Culpa mía,False,7.8,3631,0,0,117,"['Romance', 'Drama']","['Pokeepsie Films', 'Amazon Studios']",['Domingo González'],"['Nicole Wallace', 'Gabriel Guevara', 'Marta Hazas', 'Iván Sánchez', 'Eva Ruiz', 'Víctor Varona', 'Fran Berenguer', 'Adriana Ubani', 'Ivan Massagué', 'Mariano Venancio']","['first time', 'forbidden love', 'stepbrother', 'female protagonist', 'underage sex', 'stepsister', 'disturbed', 'based on young adult novel', 'enemies to lovers', 'passion and romance', 'car', 'disapproving', 'disgusted', 'step-sibling romance']",1.0,20.0,0.0,Muy Alta,Buena,"Romance,Drama",Domingo González,"Nicole Wallace,Gabriel Guevara,Marta Hazas,Iván Sánchez,Eva Ruiz,Víctor Varona,Fran Berenguer,Adriana Ubani,Ivan Massagué,Mariano Venancio","Pokeepsie Films,Amazon Studios","first time,forbidden love,stepbrother,female protagonist,underage sex,stepsister,disturbed,based on young adult novel,enemies to lovers,passion and romance,car,disapproving,disgusted,step-sibling romance"
False,/2n7lYEeIbucsEQCswRcVB6ZYmMP.jpg,"[878, 12, 28]",777443,en,The Electric State,"Una adolescente huérfana emprende un viaje para encontrar a su hermano desaparecido junto con un misterioso robot, un cínico contrabandista y su ocurrente compañero.",57.6489,/nCuSMDWhWGJAPdp9rSDIogG5X82.jpg,2025-03-07,Estado eléctrico,False,6.581,935,320000000,0,125,"['Ciencia ficción', 'Aventura', 'Acción']","['AGBO', 'Skybound Entertainment']","['Joe Russo', 'Anthony Russo']","['Millie Bobby Brown', 'Chris Pratt', 'Ke Huy Quan', 'Jason Alexander', 'Woody Norman', 'Giancarlo Esposito', 'Stanley Tucci', 'Woody Harrelson', 'Anthony Mackie', 'Brian Cox']","['man vs machine', 'artificial intelligence (a.i.)', 'based on novel or book', 'technology', 'dystopia', 'robot', '1990s', 'young', 'missing brother', 'witty', 'comedy', 'depressing', 'baffled']",1.0,20.0,-1.0,Muy Alta,Buena,"Ciencia ficción,Aventura,Acción","Joe Russo,Anthony Russo","Millie Bobby Brown,Chris Pratt,Ke Huy Quan,Jason Alexander,Woody Norman,Giancarlo Esposito,Stanley Tucci,Woody Harrelson,Anthony Mackie,Brian Cox","AGBO,Skybound Entertainment","man vs machine,artificial intelligence (a.i.),based on novel or book,technology,dystopia,robot,1990s,young,missing brother,witty,comedy,depressing,baffled"
False,/hjm1i9ZyueTaw7xCcpJmjKpb8Sv.jpg,"[16, 36, 28, 18, 14, 10749]",483456,ja,PEACE MAKER 鐵 前篇 想道~オモウミチ~,,56.9247,/qg3aU4yELluvHmvmL7V7r6HACf4.jpg,2018-06-02,Peace Maker Kurogane Movie 1: Omou Michi,False,5.5,2,0,0,109,"['Animación', 'Historia', 'Acción', 'Drama', 'Fantasía', 'Romance']","['White Fox', 'Frontier Works', 'KADOKAWA', 'Hakuhodo DY Music & Pictures', 'Bandai Namco Arts', 'AT-X', 'Sony Music Communications', 'Adores', 'Contents Seed', 'GYAO']",['木宮茂'],"['中田譲治', 'Yūji Ueda', 'Mitsuki Saiga', 'Takahiro Sakurai', 'Yuki Kaji', 'Shinnosuke Tachibana', 'Takaya Hashi', 'Kappei Yamaguchi', 'Takashi Matsuyama', 'Mikako Takahashi']",[],0.0,0.0,0.0,Muy Alta,Regular,"Animación,Historia,Acción,Drama,Fantasía,Romance",木宮茂,"中田譲治,Yūji Ueda,Mitsuki Saiga,Takahiro Sakurai,Yuki Kaji,Shinnosuke Tachibana,Takaya Hashi,Kappei Yamaguchi,Takashi Matsuyama,Mikako Takahashi","White Fox,Frontier Works,KADOKAWA,Hakuhodo DY Music & Pictures,Bandai Namco Arts,AT-X,Sony Music Communications,Adores,Contents Seed,GYAO",
False,/b3mdmjYTEL70j7nuXATUAD9qgu4.jpg,"[16, 14, 12]",823219,lv,Straume,"En un mundo al borde del colapso, un gato solitario pierde su hogar por una inundación y encuentra refugio en un barco con otras especies. Juntos, deberán superar diferencias y desafíos mientras navegan por un misterioso paisaje sumergido.",55.6126,/337MqZW7xii2evUDVeaWXAtopff.jpg,2024-08-29,"Flow, un mundo que salvar",False,8.245,1734,3700000,17660107,84,"['Animación', 'Fantasía', 'Aventura']","['Dream Well Studio', 'Sacrebleu Productions', 'Take Five', 'ARTE France Cinéma', 'RTBF']",['Gints Zilbalodis'],[],"['ocean', 'cat', 'boat', 'dystopia', 'dog', 'ruins', 'flood', 'lemur', 'bird', '3d animation', 'no dialogue', 'teamwork', 'fantasy', 'capybara', 'adventure', 'animated film', 'labrador', 'kucing', 'laut', 'animasi', 'burung', 'film bisu', 'anjing', 'kapibara', 'bencana alam', 'bencana']",1.0,20.0,3.7730018918918917,Muy Alta,Excelente,"Animación,Fantasía,Aventura",Gints Zilbalodis,,"Dream Well Studio,Sacrebleu Productions,Take Five,ARTE France Cinéma,RTBF","ocean,cat,boat,dystopia,dog,ruins,flood,lemur,bird,3d animation,no dialogue,teamwork,fantasy,capybara,adventure,animated film,labrador,kucing,laut,animasi,burung,film bisu,anjing,kapibara,bencana alam,bencana"
False,/99XoA625Gl9Q5tBKGX1nf2g11yJ.jpg,"[27, 14]",1139937,en,Frogman,,55.2223,/wFCM4SKsBQIpKXhcCGgkVf7DK2F.jpg,2024-09-26,Frogman,False,5.0,10,0,0,81,"['Terror', 'Fantasía']","['Feral Child Films', 'Rotting Press', 'Shock Treatment Productions']",['Anthony Cousins'],"['Nathan Tymoshuk', 'Chelsey Grant', 'Benny Barrett', 'Toussaint Morrison', 'Ali Daniels', 'Chris Canfield', 'Brandon Santiago', 'Michael Paul Levin', 'Jack Neveaux', 'Chari Eckmann']","['monster', 'cult', 'based on true story', 'creature', 'creature feature', 'fake documentary', 'found footage', 'documentary filmmaking', 'cryptid', 'frog', 'filmmaker', 'horror']",0.0,20.0,0.0,Muy Alta,Regular,"Terror,Fantasía",Anthony Cousins,"Nathan Tymoshuk,Chelsey Grant,Benny Barrett,Toussaint Morrison,Ali Daniels,Chris Canfield,Brandon Santiago,Michael Paul Levin,Jack Neveaux,Chari Eckmann","Feral Child Films,Rotting Press,Shock Treatment Productions","monster,cult,based on true story,creature,creature feature,fake documentary,found footage,documentary filmmaking,cryptid,frog,filmmaker,horror"
False,/kEYWal656zP5Q2Tohm91aw6orlT.jpg,"[18, 35, 10749]",1064213,en,Anora,"Anora, una joven prostituta de Brooklyn, tiene la oportunidad de vivir una historia de Cenicienta cuando conoce e impulsivamente se casa con el hijo de un oligarca. Cuando la noticia llega a Rusia, su cuento de hadas se ve amenazado, ya que los padres parten hacia Nueva York para intentar conseguir la anulación del matrimonio.",54.4404,/tZCrWnyN4zEtJiFem5TFoYT8nxI.jpg,2024-10-14,Anora,False,7.059,1968,6000000,51868503,138,"['Drama', 'Comedia', 'Romance']","['Cre Film', 'FilmNation Entertainment']",['Sean Baker'],"['Mikey Madison', 'Марк Эйдельштейн', 'Юра Борисов', 'Karren Karagulian', 'Vache Tovmasyan', 'Luna Sofía Miranda', 'Lindsey Normington', 'Дарья Екамасова', 'Aleksey Serebryakov', 'Anton Bitter']","[""new year's eve"", 'new york city', 'marriage', 'boardwalk', 'baptism', 'strip club', 'coney island', 'female protagonist', 'mansion', 'class differences', 'las vegas', 'lap dance', 'home invasion', 'drunk', 'brooklyn, new york city', 'screwball comedy', 'new york subway', 'hedonism', 'immaturity', 'city hall', 'exotic dancer', 'sex worker', 'naive children', 'female stripping', 'meddling parents', 'annulment', 'strip show', 'russian oligarch', 'sex', 'party', 'female rage', 'vegas wedding', 'romantic dramedy', 'cinderella story', 'female nudity', 'brighton beach']",5.0,20.0,7.6447505,Muy Alta,Buena,"Drama,Comedia,Romance",Sean Baker,"Mikey Madison,Марк Эйдельштейн,Юра Борисов,Karren Karagulian,Vache Tovmasyan,Luna Sofía Miranda,Lindsey Normington,Дарья Екамасова,Aleksey Serebryakov,Anton Bitter","Cre Film,FilmNation Entertainment","new year's eve,new york city,marriage,boardwalk,baptism,strip club,coney island,female protagonist,mansion,class differences,las vegas,lap dance,home invasion,drunk,brooklyn, new york city,screwball comedy,new york subway,hedonism,immaturity,city hall,exotic dancer,sex worker,naive children,female stripping,meddling parents,annulment,strip show,russian oligarch,sex,party,female rage,vegas wedding,romantic dramedy,cinderella story,female nudity,brighton beach"
